index,timestamp,length,protocol,label,arp_op,arp_hwsrc,arp_hwdst,arp_psrc,arp_pdst,source_ip,destination_ip,ip_version,ttl,ip_len,source_port,destination_port,udp_len,tcp_flags
0,1759919711.264906,42,Ethernet,benign,1.0,28:d0:43:42:f2:70,00:00:00:00:00:00,192.168.137.45,192.168.137.1,,,,,,,,,
1,1759919711.268457,42,Ethernet,benign,2.0,e4:5f:01:54:8e:16,28:d0:43:42:f2:70,192.168.137.1,192.168.137.45,,,,,,,,,
2,1759919711.268491,75,Ethernet,benign,,,,,,192.168.137.45,192.168.137.1,4.0,128.0,61.0,57642.0,53.0,41.0,
3,1759919711.26853,342,Ethernet,benign,,,,,,0.0.0.0,255.255.255.255,4.0,128.0,328.0,68.0,67.0,308.0,
4,1759919711.282105,343,Ethernet,benign,,,,,,192.168.137.1,192.168.137.45,4.0,64.0,329.0,67.0,68.0,309.0,
5,1759919711.319011,54,Ethernet,benign,,,,,,192.168.137.45,224.0.0.22,4.0,1.0,40.0,,,,
6,1759919711.319351,54,Ethernet,benign,,,,,,192.168.137.45,224.0.0.22,4.0,1.0,40.0,,,,
7,1759919711.319611,54,Ethernet,benign,,,,,,192.168.137.45,224.0.0.22,4.0,1.0,40.0,,,,
8,1759919711.320086,64,Ethernet,benign,,,,,,192.168.137.45,224.0.0.252,4.0,1.0,50.0,53419.0,5355.0,30.0,
9,1759919711.438047,78,Ethernet,benign,,,,,,192.168.137.45,192.168.137.1,4.0,128.0,64.0,59476.0,53.0,44.0,
10,1759919711.559936,42,Ethernet,benign,1.0,28:d0:43:42:f2:70,00:00:00:00:00:00,192.168.137.45,192.168.137.1,,,,,,,,,
11,1759919711.562973,42,Ethernet,benign,2.0,e4:5f:01:54:8e:16,28:d0:43:42:f2:70,192.168.137.1,192.168.137.45,,,,,,,,,
12,1759919711.604844,72,Ethernet,benign,,,,,,192.168.137.45,192.168.137.1,4.0,128.0,58.0,53505.0,53.0,38.0,
13,1759919711.637737,42,Ethernet,benign,1.0,28:d0:43:42:f2:70,00:00:00:00:00:00,192.168.137.45,192.168.137.1,,,,,,,,,
14,1759919711.640344,42,Ethernet,benign,2.0,e4:5f:01:54:8e:16,28:d0:43:42:f2:70,192.168.137.1,192.168.137.45,,,,,,,,,
15,1759919711.700593,42,Ethernet,benign,1.0,28:d0:43:42:f2:70,00:00:00:00:00:00,0.0.0.0,192.168.137.45,,,,,,,,,
16,1759919711.700775,62,Ethernet,benign,,,,,,192.168.137.45,224.0.0.22,4.0,1.0,48.0,,,,
17,1759919711.735535,64,Ethernet,benign,,,,,,192.168.137.45,224.0.0.252,4.0,1.0,50.0,53419.0,5355.0,30.0,
18,1759919711.849108,83,Ethernet,benign,,,,,,192.168.137.45,192.168.137.1,4.0,128.0,69.0,56285.0,53.0,49.0,
19,1759919712.200825,54,Ethernet,benign,,,,,,192.168.137.45,224.0.0.22,4.0,1.0,40.0,,,,
20,1759919712.384127,42,Ethernet,benign,1.0,28:d0:43:42:f2:70,00:00:00:00:00:00,192.168.137.45,192.168.137.1,,,,,,,,,
21,1759919712.388119,42,Ethernet,benign,2.0,e4:5f:01:54:8e:16,28:d0:43:42:f2:70,192.168.137.1,192.168.137.45,,,,,,,,,
22,1759919712.444733,78,Ethernet,benign,,,,,,192.168.137.45,192.168.137.1,4.0,128.0,64.0,59476.0,53.0,44.0,
23,1759919712.549905,70,Ethernet,benign,,,,,,192.168.137.45,192.168.137.1,4.0,128.0,56.0,61222.0,53.0,36.0,
24,1759919712.607942,72,Ethernet,benign,,,,,,192.168.137.45,192.168.137.1,4.0,128.0,58.0,53505.0,53.0,38.0,
25,1759919712.700783,42,Ethernet,benign,1.0,28:d0:43:42:f2:70,00:00:00:00:00:00,0.0.0.0,192.168.137.45,,,,,,,,,
26,1759919712.853083,83,Ethernet,benign,,,,,,192.168.137.45,192.168.137.1,4.0,128.0,69.0,56285.0,53.0,49.0,
27,1759919713.271929,86,Ethernet,benign,,,,,,192.168.137.45,192.168.137.1,4.0,128.0,72.0,53196.0,53.0,52.0,
28,1759919713.272247,42,Ethernet,benign,1.0,28:d0:43:42:f2:70,00:00:00:00:00:00,192.168.137.45,192.168.137.1,,,,,,,,,
29,1759919713.275452,42,Ethernet,benign,2.0,e4:5f:01:54:8e:16,28:d0:43:42:f2:70,192.168.137.1,192.168.137.45,,,,,,,,,
30,1759919713.289722,75,Ethernet,benign,,,,,,192.168.137.45,192.168.137.1,4.0,128.0,61.0,56651.0,53.0,41.0,
31,1759919713.451456,78,Ethernet,benign,,,,,,192.168.137.45,192.168.137.1,4.0,128.0,64.0,59476.0,53.0,44.0,
32,1759919713.556318,70,Ethernet,benign,,,,,,192.168.137.45,192.168.137.1,4.0,128.0,56.0,61222.0,53.0,36.0,
33,1759919713.611154,72,Ethernet,benign,,,,,,192.168.137.45,192.168.137.1,4.0,128.0,58.0,53505.0,53.0,38.0,
34,1759919713.702084,42,Ethernet,benign,1.0,28:d0:43:42:f2:70,00:00:00:00:00:00,0.0.0.0,192.168.137.45,,,,,,,,,
35,1759919713.837692,42,Ethernet,benign,1.0,28:d0:43:42:f2:70,00:00:00:00:00:00,192.168.137.45,192.168.137.1,,,,,,,,,
36,1759919713.840277,42,Ethernet,benign,2.0,e4:5f:01:54:8e:16,28:d0:43:42:f2:70,192.168.137.1,192.168.137.45,,,,,,,,,
37,1759919713.853419,83,Ethernet,benign,,,,,,192.168.137.45,192.168.137.1,4.0,128.0,69.0,56285.0,53.0,49.0,
38,1759919714.277945,86,Ethernet,benign,,,,,,192.168.137.45,192.168.137.1,4.0,128.0,72.0,53196.0,53.0,52.0,
39,1759919714.291038,75,Ethernet,benign,,,,,,192.168.137.45,192.168.137.1,4.0,128.0,61.0,56651.0,53.0,41.0,
40,1759919714.56308,70,Ethernet,benign,,,,,,192.168.137.45,192.168.137.1,4.0,128.0,56.0,61222.0,53.0,36.0,
41,1759919714.700603,42,Ethernet,benign,1.0,28:d0:43:42:f2:70,00:00:00:00:00:00,192.168.137.45,192.168.137.45,,,,,,,,,
42,1759919714.705015,54,Ethernet,benign,,,,,,192.168.137.45,224.0.0.22,4.0,1.0,40.0,,,,
43,1759919714.71277,54,Ethernet,benign,,,,,,192.168.137.45,224.0.0.22,4.0,1.0,40.0,,,,
44,1759919714.713367,64,Ethernet,benign,,,,,,192.168.137.45,224.0.0.252,4.0,1.0,50.0,54993.0,5355.0,30.0,
45,1759919714.728443,54,Ethernet,benign,,,,,,192.168.137.45,224.0.0.22,4.0,1.0,40.0,,,,
46,1759919714.784643,110,Ethernet,benign,,,,,,192.168.137.45,192.168.137.255,4.0,128.0,96.0,137.0,137.0,76.0,
47,1759919714.944395,169,Ethernet,benign,,,,,,192.168.137.45,239.255.255.250,4.0,4.0,155.0,62826.0,1900.0,135.0,
48,1759919714.971896,169,Ethernet,benign,,,,,,192.168.137.45,239.255.255.250,4.0,4.0,155.0,62826.0,1900.0,135.0,
49,1759919715.007009,169,Ethernet,benign,,,,,,192.168.137.45,239.255.255.250,4.0,4.0,155.0,62826.0,1900.0,135.0,
50,1759919715.041487,169,Ethernet,benign,,,,,,192.168.137.45,239.255.255.250,4.0,4.0,155.0,62826.0,1900.0,135.0,
51,1759919715.069494,169,Ethernet,benign,,,,,,192.168.137.45,239.255.255.250,4.0,4.0,155.0,62826.0,1900.0,135.0,
52,1759919715.097549,169,Ethernet,benign,,,,,,192.168.137.45,239.255.255.250,4.0,4.0,155.0,62826.0,1900.0,135.0,
53,1759919715.124764,64,Ethernet,benign,,,,,,192.168.137.45,224.0.0.252,4.0,1.0,50.0,54993.0,5355.0,30.0,
54,1759919715.125082,169,Ethernet,benign,,,,,,192.168.137.45,239.255.255.250,4.0,4.0,155.0,62826.0,1900.0,135.0,
55,1759919715.153186,169,Ethernet,benign,,,,,,192.168.137.45,239.255.255.250,4.0,4.0,155.0,62826.0,1900.0,135.0,
56,1759919715.181509,169,Ethernet,benign,,,,,,192.168.137.45,239.255.255.250,4.0,4.0,155.0,62826.0,1900.0,135.0,
57,1759919715.201276,62,Ethernet,benign,,,,,,192.168.137.45,224.0.0.22,4.0,1.0,48.0,,,,
58,1759919715.209208,169,Ethernet,benign,,,,,,192.168.137.45,239.255.255.250,4.0,4.0,155.0,62826.0,1900.0,135.0,
59,1759919715.237094,169,Ethernet,benign,,,,,,192.168.137.45,239.255.255.250,4.0,4.0,155.0,62826.0,1900.0,135.0,
60,1759919715.272908,169,Ethernet,benign,,,,,,192.168.137.45,239.255.255.250,4.0,4.0,155.0,62826.0,1900.0,135.0,
61,1759919715.285481,86,Ethernet,benign,,,,,,192.168.137.45,192.168.137.1,4.0,128.0,72.0,53196.0,53.0,52.0,
62,1759919715.29147,75,Ethernet,benign,,,,,,192.168.137.45,192.168.137.1,4.0,128.0,61.0,56651.0,53.0,41.0,
63,1759919715.29893,169,Ethernet,benign,,,,,,192.168.137.45,239.255.255.250,4.0,4.0,155.0,62826.0,1900.0,135.0,
64,1759919715.333347,169,Ethernet,benign,,,,,,192.168.137.45,239.255.255.250,4.0,4.0,155.0,62826.0,1900.0,135.0,
65,1759919715.361338,169,Ethernet,benign,,,,,,192.168.137.45,239.255.255.250,4.0,4.0,155.0,62826.0,1900.0,135.0,
66,1759919715.395925,167,Ethernet,benign,,,,,,192.168.137.45,239.255.255.250,4.0,4.0,153.0,62826.0,1900.0,133.0,
67,1759919715.424248,169,Ethernet,benign,,,,,,192.168.137.45,239.255.255.250,4.0,4.0,155.0,62826.0,1900.0,135.0,
68,1759919715.451603,78,Ethernet,benign,,,,,,192.168.137.45,192.168.137.1,4.0,128.0,64.0,59476.0,53.0,44.0,
69,1759919715.451862,169,Ethernet,benign,,,,,,192.168.137.45,239.255.255.250,4.0,4.0,155.0,62826.0,1900.0,135.0,
70,1759919715.493216,169,Ethernet,benign,,,,,,192.168.137.45,239.255.255.250,4.0,4.0,155.0,62826.0,1900.0,135.0,
71,1759919715.501711,88,Ethernet,benign,,,,,,192.168.137.45,192.168.137.1,4.0,128.0,74.0,64510.0,53.0,54.0,
72,1759919715.52599,169,Ethernet,benign,,,,,,192.168.137.45,239.255.255.250,4.0,4.0,155.0,62826.0,1900.0,135.0,
73,1759919715.534751,110,Ethernet,benign,,,,,,192.168.137.45,192.168.137.255,4.0,128.0,96.0,137.0,137.0,76.0,
74,1759919715.56264,169,Ethernet,benign,,,,,,192.168.137.45,239.255.255.250,4.0,4.0,155.0,62826.0,1900.0,135.0,
75,1759919715.590865,169,Ethernet,benign,,,,,,192.168.137.45,239.255.255.250,4.0,4.0,155.0,62826.0,1900.0,135.0,
76,1759919715.614495,72,Ethernet,benign,,,,,,192.168.137.45,192.168.137.1,4.0,128.0,58.0,53505.0,53.0,38.0,
77,1759919715.625252,169,Ethernet,benign,,,,,,192.168.137.45,239.255.255.250,4.0,4.0,155.0,62826.0,1900.0,135.0,
78,1759919715.659967,169,Ethernet,benign,,,,,,192.168.137.45,239.255.255.250,4.0,4.0,155.0,62826.0,1900.0,135.0,
79,1759919715.68763,169,Ethernet,benign,,,,,,192.168.137.45,239.255.255.250,4.0,4.0,155.0,62826.0,1900.0,135.0,
80,1759919715.715516,169,Ethernet,benign,,,,,,192.168.137.45,239.255.255.250,4.0,4.0,155.0,62826.0,1900.0,135.0,
81,1759919715.715992,96,Ethernet,benign,,,,,,192.168.137.45,224.0.0.251,4.0,1.0,82.0,5353.0,5353.0,62.0,
82,1759919715.748496,167,Ethernet,benign,,,,,,192.168.137.45,239.255.255.250,4.0,4.0,153.0,62826.0,1900.0,133.0,
83,1759919715.777415,169,Ethernet,benign,,,,,,192.168.137.45,239.255.255.250,4.0,4.0,155.0,62826.0,1900.0,135.0,
84,1759919715.805338,169,Ethernet,benign,,,,,,192.168.137.45,239.255.255.250,4.0,4.0,155.0,62826.0,1900.0,135.0,
85,1759919715.832881,169,Ethernet,benign,,,,,,192.168.137.45,239.255.255.250,4.0,4.0,155.0,62826.0,1900.0,135.0,
86,1759919715.861171,83,Ethernet,benign,,,,,,192.168.137.45,192.168.137.1,4.0,128.0,69.0,56285.0,53.0,49.0,
87,1759919715.861553,169,Ethernet,benign,,,,,,192.168.137.45,239.255.255.250,4.0,4.0,155.0,62826.0,1900.0,135.0,
88,1759919715.894684,169,Ethernet,benign,,,,,,192.168.137.45,239.255.255.250,4.0,4.0,155.0,62826.0,1900.0,135.0,
89,1759919715.923044,179,Ethernet,benign,,,,,,192.168.137.45,239.255.255.250,4.0,4.0,165.0,62826.0,1900.0,145.0,
90,1759919716.048786,66,Ethernet,benign,,,,,,192.168.137.45,76.223.92.165,4.0,128.0,52.0,56266.0,443.0,,S
91,1759919716.291027,110,Ethernet,benign,,,,,,192.168.137.45,192.168.137.255,4.0,128.0,96.0,137.0,137.0,76.0,
92,1759919716.397796,42,Ethernet,benign,1.0,e4:5f:01:54:8e:16,00:00:00:00:00:00,192.168.137.1,192.168.137.45,,,,,,,,,
93,1759919716.397841,42,Ethernet,benign,2.0,28:d0:43:42:f2:70,e4:5f:01:54:8e:16,192.168.137.45,192.168.137.1,,,,,,,,,
94,1759919716.506219,88,Ethernet,benign,,,,,,192.168.137.45,192.168.137.1,4.0,128.0,74.0,64510.0,53.0,54.0,
95,1759919716.575665,70,Ethernet,benign,,,,,,192.168.137.45,192.168.137.1,4.0,128.0,56.0,61222.0,53.0,36.0,
96,1759919716.701083,42,Ethernet,benign,1.0,28:d0:43:42:f2:70,00:00:00:00:00:00,192.168.137.45,192.168.137.45,,,,,,,,,
97,1759919716.709514,698,Ethernet,benign,,,,,,192.168.137.45,239.255.255.250,4.0,1.0,684.0,64650.0,3702.0,664.0,
98,1759919716.738655,81,Ethernet,benign,,,,,,192.168.137.45,192.168.137.1,4.0,128.0,67.0,55943.0,53.0,47.0,
99,1759919716.739041,81,Ethernet,benign,,,,,,192.168.137.45,192.168.137.1,4.0,128.0,67.0,60183.0,53.0,47.0,
100,1759919716.74894,78,Ethernet,benign,,,,,,192.168.137.45,192.168.137.1,4.0,128.0,64.0,52429.0,53.0,44.0,
101,1759919716.749782,78,Ethernet,benign,,,,,,192.168.137.45,192.168.137.1,4.0,128.0,64.0,63312.0,53.0,44.0,
102,1759919716.753499,75,Ethernet,benign,,,,,,192.168.137.45,192.168.137.1,4.0,128.0,61.0,51200.0,53.0,41.0,
103,1759919716.753744,75,Ethernet,benign,,,,,,192.168.137.45,192.168.137.1,4.0,128.0,61.0,60723.0,53.0,41.0,
104,1759919716.75382,78,Ethernet,benign,,,,,,192.168.137.45,192.168.137.1,4.0,128.0,64.0,57063.0,53.0,44.0,
105,1759919716.754026,81,Ethernet,benign,,,,,,192.168.137.45,192.168.137.1,4.0,128.0,67.0,57305.0,53.0,47.0,
106,1759919716.754039,78,Ethernet,benign,,,,,,192.168.137.45,192.168.137.1,4.0,128.0,64.0,63006.0,53.0,44.0,
107,1759919716.754209,81,Ethernet,benign,,,,,,192.168.137.45,192.168.137.1,4.0,128.0,67.0,56052.0,53.0,47.0,
108,1759919717.047841,110,Ethernet,benign,,,,,,192.168.137.45,192.168.137.255,4.0,128.0,96.0,137.0,137.0,76.0,
109,1759919717.054703,66,Ethernet,benign,,,,,,192.168.137.45,76.223.92.165,4.0,128.0,52.0,56266.0,443.0,,S
110,1759919717.062655,66,Ethernet,benign,,,,,,192.168.137.45,13.248.212.111,4.0,128.0,52.0,56268.0,443.0,,S
111,1759919717.243778,76,Ethernet,benign,,,,,,192.168.137.45,192.168.137.1,4.0,128.0,62.0,53932.0,53.0,42.0,
112,1759919717.25247,106,Ethernet,benign,,,,,,192.168.137.45,192.168.137.1,4.0,128.0,92.0,65275.0,53.0,72.0,
113,1759919717.252832,106,Ethernet,benign,,,,,,192.168.137.45,192.168.137.1,4.0,128.0,92.0,55596.0,53.0,72.0,
114,1759919717.254595,212,Ethernet,benign,,,,,,192.168.137.45,239.255.255.250,4.0,1.0,198.0,55598.0,1900.0,178.0,
115,1759919717.287717,86,Ethernet,benign,,,,,,192.168.137.45,192.168.137.1,4.0,128.0,72.0,53196.0,53.0,52.0,
116,1759919717.287772,179,Ethernet,benign,,,,,,192.168.137.45,239.255.255.250,4.0,4.0,165.0,62826.0,1900.0,145.0,
117,1759919717.30383,75,Ethernet,benign,,,,,,192.168.137.45,192.168.137.1,4.0,128.0,61.0,56651.0,53.0,41.0,
118,1759919717.513155,88,Ethernet,benign,,,,,,192.168.137.45,192.168.137.1,4.0,128.0,74.0,64510.0,53.0,54.0,
119,1759919717.72205,96,Ethernet,benign,,,,,,192.168.137.45,224.0.0.251,4.0,1.0,82.0,5353.0,5353.0,62.0,
120,1759919717.756825,81,Ethernet,benign,,,,,,192.168.137.45,192.168.137.1,4.0,128.0,67.0,56576.0,53.0,47.0,
121,1759919717.757364,81,Ethernet,benign,,,,,,192.168.137.45,192.168.137.1,4.0,128.0,67.0,52471.0,53.0,47.0,
122,1759919717.763582,78,Ethernet,benign,,,,,,192.168.137.45,192.168.137.1,4.0,128.0,64.0,51798.0,53.0,44.0,
123,1759919717.763859,78,Ethernet,benign,,,,,,192.168.137.45,192.168.137.1,4.0,128.0,64.0,61809.0,53.0,44.0,
124,1759919717.770386,78,Ethernet,benign,,,,,,192.168.137.45,192.168.137.1,4.0,128.0,64.0,51977.0,53.0,44.0,
125,1759919717.770386,75,Ethernet,benign,,,,,,192.168.137.45,192.168.137.1,4.0,128.0,61.0,63119.0,53.0,41.0,
126,1759919717.77064,78,Ethernet,benign,,,,,,192.168.137.45,192.168.137.1,4.0,128.0,64.0,55704.0,53.0,44.0,
127,1759919717.770772,75,Ethernet,benign,,,,,,192.168.137.45,192.168.137.1,4.0,128.0,61.0,59713.0,53.0,41.0,
128,1759919717.770984,81,Ethernet,benign,,,,,,192.168.137.45,192.168.137.1,4.0,128.0,67.0,62216.0,53.0,47.0,
129,1759919717.771158,81,Ethernet,benign,,,,,,192.168.137.45,192.168.137.1,4.0,128.0,67.0,62766.0,53.0,47.0,
130,1759919717.803033,110,Ethernet,benign,,,,,,192.168.137.45,192.168.137.255,4.0,128.0,96.0,137.0,137.0,76.0,
131,1759919717.803261,110,Ethernet,benign,,,,,,192.168.137.45,192.168.137.255,4.0,128.0,96.0,137.0,137.0,76.0,
132,1759919717.847505,86,Ethernet,benign,,,,,,192.168.137.45,192.168.137.1,4.0,128.0,72.0,56683.0,53.0,52.0,
133,1759919717.847834,86,Ethernet,benign,,,,,,192.168.137.45,192.168.137.1,4.0,128.0,72.0,54347.0,53.0,52.0,
134,1759919718.062734,66,Ethernet,benign,,,,,,192.168.137.45,13.248.212.111,4.0,128.0,52.0,56268.0,443.0,,S
135,1759919718.191421,75,Ethernet,benign,,,,,,192.168.137.45,192.168.137.1,4.0,128.0,61.0,52403.0,53.0,41.0,
136,1759919718.191804,75,Ethernet,benign,,,,,,192.168.137.45,192.168.137.1,4.0,128.0,61.0,59830.0,53.0,41.0,
137,1759919718.256056,212,Ethernet,benign,,,,,,192.168.137.45,239.255.255.250,4.0,1.0,198.0,55598.0,1900.0,178.0,
138,1759919718.256743,76,Ethernet,benign,,,,,,192.168.137.45,192.168.137.1,4.0,128.0,62.0,62906.0,53.0,42.0,
139,1759919718.263211,106,Ethernet,benign,,,,,,192.168.137.45,192.168.137.1,4.0,128.0,92.0,57215.0,53.0,72.0,
140,1759919718.263688,106,Ethernet,benign,,,,,,192.168.137.45,192.168.137.1,4.0,128.0,92.0,52217.0,53.0,72.0,
141,1759919718.555846,110,Ethernet,benign,,,,,,192.168.137.45,192.168.137.255,4.0,128.0,96.0,137.0,137.0,76.0,
142,1759919718.556044,110,Ethernet,benign,,,,,,192.168.137.45,192.168.137.255,4.0,128.0,96.0,137.0,137.0,76.0,
143,1759919718.861917,86,Ethernet,benign,,,,,,192.168.137.45,192.168.137.1,4.0,128.0,72.0,59257.0,53.0,52.0,
144,1759919718.862389,86,Ethernet,benign,,,,,,192.168.137.45,192.168.137.1,4.0,128.0,72.0,51421.0,53.0,52.0,
145,1759919718.930578,169,Ethernet,benign,,,,,,192.168.137.45,239.255.255.250,4.0,4.0,155.0,62826.0,1900.0,135.0,
146,1759919718.958343,169,Ethernet,benign,,,,,,192.168.137.45,239.255.255.250,4.0,4.0,155.0,62826.0,1900.0,135.0,
147,1759919718.993242,169,Ethernet,benign,,,,,,192.168.137.45,239.255.255.250,4.0,4.0,155.0,62826.0,1900.0,135.0,
148,1759919719.020983,169,Ethernet,benign,,,,,,192.168.137.45,239.255.255.250,4.0,4.0,155.0,62826.0,1900.0,135.0,
149,1759919719.048699,169,Ethernet,benign,,,,,,192.168.137.45,239.255.255.250,4.0,4.0,155.0,62826.0,1900.0,135.0,
150,1759919719.055824,66,Ethernet,benign,,,,,,192.168.137.45,76.223.92.165,4.0,128.0,52.0,56266.0,443.0,,S
151,1759919719.076662,169,Ethernet,benign,,,,,,192.168.137.45,239.255.255.250,4.0,4.0,155.0,62826.0,1900.0,135.0,
152,1759919719.10504,169,Ethernet,benign,,,,,,192.168.137.45,239.255.255.250,4.0,4.0,155.0,62826.0,1900.0,135.0,
153,1759919719.131598,169,Ethernet,benign,,,,,,192.168.137.45,239.255.255.250,4.0,4.0,155.0,62826.0,1900.0,135.0,
154,1759919719.159755,169,Ethernet,benign,,,,,,192.168.137.45,239.255.255.250,4.0,4.0,155.0,62826.0,1900.0,135.0,
155,1759919719.187383,169,Ethernet,benign,,,,,,192.168.137.45,239.255.255.250,4.0,4.0,155.0,62826.0,1900.0,135.0,
156,1759919719.203587,75,Ethernet,benign,,,,,,192.168.137.45,192.168.137.1,4.0,128.0,61.0,55992.0,53.0,41.0,
157,1759919719.204046,75,Ethernet,benign,,,,,,192.168.137.45,192.168.137.1,4.0,128.0,61.0,49934.0,53.0,41.0,
158,1759919719.215537,169,Ethernet,benign,,,,,,192.168.137.45,239.255.255.250,4.0,4.0,155.0,62826.0,1900.0,135.0,
159,1759919719.25021,169,Ethernet,benign,,,,,,192.168.137.45,239.255.255.250,4.0,4.0,155.0,62826.0,1900.0,135.0,
160,1759919719.257083,212,Ethernet,benign,,,,,,192.168.137.45,239.255.255.250,4.0,1.0,198.0,55598.0,1900.0,178.0,
161,1759919719.278341,169,Ethernet,benign,,,,,,192.168.137.45,239.255.255.250,4.0,4.0,155.0,62826.0,1900.0,135.0,
162,1759919719.305918,169,Ethernet,benign,,,,,,192.168.137.45,239.255.255.250,4.0,4.0,155.0,62826.0,1900.0,135.0,
163,1759919719.319568,110,Ethernet,benign,,,,,,192.168.137.45,192.168.137.255,4.0,128.0,96.0,137.0,137.0,76.0,
164,1759919719.319731,110,Ethernet,benign,,,,,,192.168.137.45,192.168.137.255,4.0,128.0,96.0,137.0,137.0,76.0,
165,1759919719.338255,169,Ethernet,benign,,,,,,192.168.137.45,239.255.255.250,4.0,4.0,155.0,62826.0,1900.0,135.0,
166,1759919719.374652,167,Ethernet,benign,,,,,,192.168.137.45,239.255.255.250,4.0,4.0,153.0,62826.0,1900.0,133.0,
167,1759919719.402563,169,Ethernet,benign,,,,,,192.168.137.45,239.255.255.250,4.0,4.0,155.0,62826.0,1900.0,135.0,
168,1759919719.431113,169,Ethernet,benign,,,,,,192.168.137.45,239.255.255.250,4.0,4.0,155.0,62826.0,1900.0,135.0,
169,1759919719.45817,78,Ethernet,benign,,,,,,192.168.137.45,192.168.137.1,4.0,128.0,64.0,59476.0,53.0,44.0,
170,1759919719.458417,169,Ethernet,benign,,,,,,192.168.137.45,239.255.255.250,4.0,4.0,155.0,62826.0,1900.0,135.0,
171,1759919719.487059,169,Ethernet,benign,,,,,,192.168.137.45,239.255.255.250,4.0,4.0,155.0,62826.0,1900.0,135.0,
172,1759919719.514001,88,Ethernet,benign,,,,,,192.168.137.45,192.168.137.1,4.0,128.0,74.0,64510.0,53.0,54.0,
173,1759919719.514214,169,Ethernet,benign,,,,,,192.168.137.45,239.255.255.250,4.0,4.0,155.0,62826.0,1900.0,135.0,
174,1759919719.541671,169,Ethernet,benign,,,,,,192.168.137.45,239.255.255.250,4.0,4.0,155.0,62826.0,1900.0,135.0,
175,1759919719.569639,169,Ethernet,benign,,,,,,192.168.137.45,239.255.255.250,4.0,4.0,155.0,62826.0,1900.0,135.0,
176,1759919719.596607,169,Ethernet,benign,,,,,,192.168.137.45,239.255.255.250,4.0,4.0,155.0,62826.0,1900.0,135.0,
177,1759919719.625357,72,Ethernet,benign,,,,,,192.168.137.45,192.168.137.1,4.0,128.0,58.0,53505.0,53.0,38.0,
178,1759919719.62568,169,Ethernet,benign,,,,,,192.168.137.45,239.255.255.250,4.0,4.0,155.0,62826.0,1900.0,135.0,
179,1759919719.652692,169,Ethernet,benign,,,,,,192.168.137.45,239.255.255.250,4.0,4.0,155.0,62826.0,1900.0,135.0,
180,1759919719.685789,167,Ethernet,benign,,,,,,192.168.137.45,239.255.255.250,4.0,4.0,153.0,62826.0,1900.0,133.0,
181,1759919719.722643,169,Ethernet,benign,,,,,,192.168.137.45,239.255.255.250,4.0,4.0,155.0,62826.0,1900.0,135.0,
182,1759919719.750327,169,Ethernet,benign,,,,,,192.168.137.45,239.255.255.250,4.0,4.0,155.0,62826.0,1900.0,135.0,
183,1759919719.777975,169,Ethernet,benign,,,,,,192.168.137.45,239.255.255.250,4.0,4.0,155.0,62826.0,1900.0,135.0,
184,1759919719.778823,81,Ethernet,benign,,,,,,192.168.137.45,192.168.137.1,4.0,128.0,67.0,59310.0,53.0,47.0,
185,1759919719.786321,78,Ethernet,benign,,,,,,192.168.137.45,192.168.137.1,4.0,128.0,64.0,63893.0,53.0,44.0,
186,1759919719.799519,81,Ethernet,benign,,,,,,192.168.137.45,192.168.137.1,4.0,128.0,67.0,56119.0,53.0,47.0,
187,1759919719.799519,75,Ethernet,benign,,,,,,192.168.137.45,192.168.137.1,4.0,128.0,61.0,51228.0,53.0,41.0,
188,1759919719.805334,169,Ethernet,benign,,,,,,192.168.137.45,239.255.255.250,4.0,4.0,155.0,62826.0,1900.0,135.0,
189,1759919719.84033,169,Ethernet,benign,,,,,,192.168.137.45,239.255.255.250,4.0,4.0,155.0,62826.0,1900.0,135.0,
190,1759919719.86834,83,Ethernet,benign,,,,,,192.168.137.45,192.168.137.1,4.0,128.0,69.0,56285.0,53.0,49.0,
191,1759919719.868342,179,Ethernet,benign,,,,,,192.168.137.45,239.255.255.250,4.0,4.0,165.0,62826.0,1900.0,145.0,
192,1759919720.066504,66,Ethernet,benign,,,,,,192.168.137.45,13.248.212.111,4.0,128.0,52.0,56268.0,443.0,,S
193,1759919720.07513,110,Ethernet,benign,,,,,,192.168.137.45,192.168.137.255,4.0,128.0,96.0,137.0,137.0,76.0,
194,1759919720.075372,110,Ethernet,benign,,,,,,192.168.137.45,192.168.137.255,4.0,128.0,96.0,137.0,137.0,76.0,
195,1759919720.256594,82,Ethernet,benign,,,,,,192.168.137.45,224.0.0.251,4.0,1.0,68.0,5353.0,5353.0,48.0,
196,1759919720.257211,82,Ethernet,benign,,,,,,192.168.137.45,224.0.0.251,4.0,1.0,68.0,5353.0,5353.0,48.0,
197,1759919720.25739,212,Ethernet,benign,,,,,,192.168.137.45,239.255.255.250,4.0,1.0,198.0,55598.0,1900.0,178.0,
198,1759919720.276012,82,Ethernet,benign,,,,,,192.168.137.45,224.0.0.251,4.0,1.0,68.0,5353.0,5353.0,48.0,
199,1759919720.276884,82,Ethernet,benign,,,,,,192.168.137.45,224.0.0.251,4.0,1.0,68.0,5353.0,5353.0,48.0,
200,1759919720.286398,76,Ethernet,benign,,,,,,192.168.137.45,192.168.137.1,4.0,128.0,62.0,61846.0,53.0,42.0,
201,1759919720.286398,106,Ethernet,benign,,,,,,192.168.137.45,192.168.137.1,4.0,128.0,92.0,57417.0,53.0,72.0,
202,1759919720.291497,179,Ethernet,benign,,,,,,192.168.137.45,239.255.255.250,4.0,4.0,165.0,62826.0,1900.0,145.0,
203,1759919720.576202,70,Ethernet,benign,,,,,,192.168.137.45,192.168.137.1,4.0,128.0,56.0,61222.0,53.0,36.0,
204,1759919720.791291,78,Ethernet,benign,,,,,,192.168.137.45,192.168.137.1,4.0,128.0,64.0,63893.0,53.0,44.0,
205,1759919720.791455,81,Ethernet,benign,,,,,,192.168.137.45,192.168.137.1,4.0,128.0,67.0,59310.0,53.0,47.0,
206,1759919720.805477,75,Ethernet,benign,,,,,,192.168.137.45,192.168.137.1,4.0,128.0,61.0,51228.0,53.0,41.0,
207,1759919720.80549,81,Ethernet,benign,,,,,,192.168.137.45,192.168.137.1,4.0,128.0,67.0,56119.0,53.0,47.0,
208,1759919720.885742,86,Ethernet,benign,,,,,,192.168.137.45,192.168.137.1,4.0,128.0,72.0,62841.0,53.0,52.0,
209,1759919721.265441,82,Ethernet,benign,,,,,,192.168.137.45,224.0.0.251,4.0,1.0,68.0,5353.0,5353.0,48.0,
210,1759919721.266174,82,Ethernet,benign,,,,,,192.168.137.45,224.0.0.251,4.0,1.0,68.0,5353.0,5353.0,48.0,
211,1759919721.281359,82,Ethernet,benign,,,,,,192.168.137.45,224.0.0.251,4.0,1.0,68.0,5353.0,5353.0,48.0,
212,1759919721.28215,82,Ethernet,benign,,,,,,192.168.137.45,224.0.0.251,4.0,1.0,68.0,5353.0,5353.0,48.0,
213,1759919721.285466,179,Ethernet,benign,,,,,,192.168.137.45,239.255.255.250,4.0,4.0,165.0,62826.0,1900.0,145.0,
214,1759919721.298082,106,Ethernet,benign,,,,,,192.168.137.45,192.168.137.1,4.0,128.0,92.0,57417.0,53.0,72.0,
215,1759919721.298082,86,Ethernet,benign,,,,,,192.168.137.45,192.168.137.1,4.0,128.0,72.0,53196.0,53.0,52.0,
216,1759919721.298082,76,Ethernet,benign,,,,,,192.168.137.45,192.168.137.1,4.0,128.0,62.0,61846.0,53.0,42.0,
217,1759919721.305795,75,Ethernet,benign,,,,,,192.168.137.45,192.168.137.1,4.0,128.0,61.0,56651.0,53.0,41.0,
218,1759919721.610192,85,Ethernet,benign,,,,,,192.168.137.45,192.168.137.1,4.0,128.0,71.0,63147.0,53.0,51.0,
219,1759919721.610481,85,Ethernet,benign,,,,,,192.168.137.45,192.168.137.1,4.0,128.0,71.0,61961.0,53.0,51.0,
220,1759919721.698102,42,Ethernet,benign,1.0,28:d0:43:42:f2:70,e4:5f:01:54:8e:16,192.168.137.45,192.168.137.1,,,,,,,,,
221,1759919721.700917,42,Ethernet,benign,2.0,e4:5f:01:54:8e:16,28:d0:43:42:f2:70,192.168.137.1,192.168.137.45,,,,,,,,,
222,1759919721.735785,96,Ethernet,benign,,,,,,192.168.137.45,224.0.0.251,4.0,1.0,82.0,5353.0,5353.0,62.0,
223,1759919721.796284,78,Ethernet,benign,,,,,,192.168.137.45,192.168.137.1,4.0,128.0,64.0,63893.0,53.0,44.0,
224,1759919721.796284,81,Ethernet,benign,,,,,,192.168.137.45,192.168.137.1,4.0,128.0,67.0,59310.0,53.0,47.0,
225,1759919721.812623,75,Ethernet,benign,,,,,,192.168.137.45,192.168.137.1,4.0,128.0,61.0,51228.0,53.0,41.0,
226,1759919721.812623,81,Ethernet,benign,,,,,,192.168.137.45,192.168.137.1,4.0,128.0,67.0,56119.0,53.0,47.0,
227,1759919721.8909,86,Ethernet,benign,,,,,,192.168.137.45,192.168.137.1,4.0,128.0,72.0,62841.0,53.0,52.0,
228,1759919722.305328,76,Ethernet,benign,,,,,,192.168.137.45,192.168.137.1,4.0,128.0,62.0,61846.0,53.0,42.0,
229,1759919722.305328,106,Ethernet,benign,,,,,,192.168.137.45,192.168.137.1,4.0,128.0,92.0,57417.0,53.0,72.0,
230,1759919722.63159,85,Ethernet,benign,,,,,,192.168.137.45,192.168.137.1,4.0,128.0,71.0,53584.0,53.0,51.0,
231,1759919722.631919,85,Ethernet,benign,,,,,,192.168.137.45,192.168.137.1,4.0,128.0,71.0,52467.0,53.0,51.0,
232,1759919722.895528,86,Ethernet,benign,,,,,,192.168.137.45,192.168.137.1,4.0,128.0,72.0,62841.0,53.0,52.0,
233,1759919723.068987,66,Ethernet,benign,,,,,,192.168.137.45,76.223.92.165,4.0,128.0,52.0,56266.0,443.0,,S
234,1759919723.27144,82,Ethernet,benign,,,,,,192.168.137.45,224.0.0.251,4.0,1.0,68.0,5353.0,5353.0,48.0,
235,1759919723.272272,82,Ethernet,benign,,,,,,192.168.137.45,224.0.0.251,4.0,1.0,68.0,5353.0,5353.0,48.0,
236,1759919723.285299,82,Ethernet,benign,,,,,,192.168.137.45,224.0.0.251,4.0,1.0,68.0,5353.0,5353.0,48.0,
237,1759919723.286245,82,Ethernet,benign,,,,,,192.168.137.45,224.0.0.251,4.0,1.0,68.0,5353.0,5353.0,48.0,
238,1759919723.435566,92,Ethernet,benign,,,,,,192.168.137.45,192.168.137.1,4.0,128.0,78.0,61486.0,53.0,58.0,
239,1759919723.464995,76,Ethernet,benign,,,,,,192.168.137.45,192.168.137.1,4.0,128.0,62.0,53086.0,53.0,42.0,
240,1759919723.466237,78,Ethernet,benign,,,,,,192.168.137.45,192.168.137.1,4.0,128.0,64.0,49664.0,53.0,44.0,
241,1759919723.466439,78,Ethernet,benign,,,,,,192.168.137.45,192.168.137.1,4.0,128.0,64.0,61487.0,53.0,44.0,
242,1759919723.518139,88,Ethernet,benign,,,,,,192.168.137.45,192.168.137.1,4.0,128.0,74.0,64510.0,53.0,54.0,
243,1759919723.798964,78,Ethernet,benign,,,,,,192.168.137.45,192.168.137.1,4.0,128.0,64.0,63893.0,53.0,44.0,
244,1759919723.798964,81,Ethernet,benign,,,,,,192.168.137.45,192.168.137.1,4.0,128.0,67.0,59310.0,53.0,47.0,
245,1759919723.818625,75,Ethernet,benign,,,,,,192.168.137.45,192.168.137.1,4.0,128.0,61.0,51228.0,53.0,41.0,
246,1759919723.818625,81,Ethernet,benign,,,,,,192.168.137.45,192.168.137.1,4.0,128.0,67.0,56119.0,53.0,47.0,
247,1759919723.875006,76,Ethernet,benign,,,,,,192.168.137.45,192.168.137.1,4.0,128.0,62.0,61772.0,53.0,42.0,
248,1759919724.070297,66,Ethernet,benign,,,,,,192.168.137.45,13.248.212.111,4.0,128.0,52.0,56268.0,443.0,,S
249,1759919724.291344,179,Ethernet,benign,,,,,,192.168.137.45,239.255.255.250,4.0,4.0,165.0,62826.0,1900.0,145.0,
250,1759919724.313,76,Ethernet,benign,,,,,,192.168.137.45,192.168.137.1,4.0,128.0,62.0,61846.0,53.0,42.0,
251,1759919724.313,106,Ethernet,benign,,,,,,192.168.137.45,192.168.137.1,4.0,128.0,92.0,57417.0,53.0,72.0,
252,1759919724.437648,92,Ethernet,benign,,,,,,192.168.137.45,192.168.137.1,4.0,128.0,78.0,61486.0,53.0,58.0,
253,1759919724.470983,76,Ethernet,benign,,,,,,192.168.137.45,192.168.137.1,4.0,128.0,62.0,53086.0,53.0,42.0,
254,1759919724.479778,78,Ethernet,benign,,,,,,192.168.137.45,192.168.137.1,4.0,128.0,64.0,59695.0,53.0,44.0,
255,1759919724.480142,78,Ethernet,benign,,,,,,192.168.137.45,192.168.137.1,4.0,128.0,64.0,49256.0,53.0,44.0,
256,1759919724.659714,85,Ethernet,benign,,,,,,192.168.137.45,192.168.137.1,4.0,128.0,71.0,62828.0,53.0,51.0,
257,1759919724.781262,698,Ethernet,benign,,,,,,192.168.137.45,239.255.255.250,4.0,1.0,684.0,65139.0,3702.0,664.0,
258,1759919724.782439,143,Ethernet,benign,,,,,,192.168.137.45,239.255.255.250,4.0,4.0,129.0,62826.0,1900.0,109.0,
259,1759919724.784737,75,Ethernet,benign,,,,,,192.168.137.45,224.0.0.251,4.0,1.0,61.0,5353.0,5353.0,41.0,
260,1759919724.785817,75,Ethernet,benign,,,,,,192.168.137.45,224.0.0.251,4.0,1.0,61.0,5353.0,5353.0,41.0,
261,1759919724.786718,77,Ethernet,benign,,,,,,192.168.137.45,224.0.0.251,4.0,1.0,63.0,5353.0,5353.0,43.0,
262,1759919724.78757,76,Ethernet,benign,,,,,,192.168.137.45,224.0.0.251,4.0,1.0,62.0,5353.0,5353.0,42.0,
263,1759919724.788388,78,Ethernet,benign,,,,,,192.168.137.45,224.0.0.251,4.0,1.0,64.0,5353.0,5353.0,44.0,
264,1759919724.788831,666,Ethernet,benign,,,,,,192.168.137.45,239.255.255.250,4.0,1.0,652.0,65139.0,3702.0,632.0,
265,1759919724.791771,125,Ethernet,benign,,,,,,192.168.137.45,255.255.255.255,4.0,128.0,111.0,10004.0,10004.0,91.0,
266,1759919724.793598,70,Ethernet,benign,,,,,,192.168.137.45,192.168.137.255,4.0,128.0,56.0,65143.0,22222.0,36.0,
267,1759919724.795355,70,Ethernet,benign,,,,,,192.168.137.45,192.168.137.255,4.0,128.0,56.0,65148.0,22222.0,36.0,
268,1759919724.79765,56,Ethernet,benign,,,,,,192.168.137.45,192.168.137.255,4.0,128.0,42.0,65153.0,3289.0,22.0,
269,1759919724.881114,76,Ethernet,benign,,,,,,192.168.137.45,192.168.137.1,4.0,128.0,62.0,61772.0,53.0,42.0,
270,1759919724.902127,86,Ethernet,benign,,,,,,192.168.137.45,192.168.137.1,4.0,128.0,72.0,62841.0,53.0,52.0,
271,1759919724.971211,666,Ethernet,benign,,,,,,192.168.137.45,239.255.255.250,4.0,1.0,652.0,65139.0,3702.0,632.0,
272,1759919724.979054,698,Ethernet,benign,,,,,,192.168.137.45,239.255.255.250,4.0,1.0,684.0,65139.0,3702.0,664.0,
273,1759919725.308473,75,Ethernet,benign,,,,,,192.168.137.45,192.168.137.1,4.0,128.0,61.0,62782.0,53.0,41.0,
274,1759919725.308746,75,Ethernet,benign,,,,,,192.168.137.45,192.168.137.1,4.0,128.0,61.0,60360.0,53.0,41.0,
275,1759919725.31911,666,Ethernet,benign,,,,,,192.168.137.45,239.255.255.250,4.0,1.0,652.0,65139.0,3702.0,632.0,
276,1759919725.375931,698,Ethernet,benign,,,,,,192.168.137.45,239.255.255.250,4.0,1.0,684.0,65139.0,3702.0,664.0,
277,1759919725.451422,92,Ethernet,benign,,,,,,192.168.137.45,192.168.137.1,4.0,128.0,78.0,61486.0,53.0,58.0,
278,1759919725.475541,76,Ethernet,benign,,,,,,192.168.137.45,192.168.137.1,4.0,128.0,62.0,53086.0,53.0,42.0,
279,1759919725.666278,85,Ethernet,benign,,,,,,192.168.137.45,192.168.137.1,4.0,128.0,71.0,62828.0,53.0,51.0,
280,1759919725.785406,76,Ethernet,benign,,,,,,192.168.137.45,224.0.0.251,4.0,1.0,62.0,5353.0,5353.0,42.0,
281,1759919725.786278,77,Ethernet,benign,,,,,,192.168.137.45,224.0.0.251,4.0,1.0,63.0,5353.0,5353.0,43.0,
282,1759919725.786873,75,Ethernet,benign,,,,,,192.168.137.45,224.0.0.251,4.0,1.0,61.0,5353.0,5353.0,41.0,
283,1759919725.787328,75,Ethernet,benign,,,,,,192.168.137.45,224.0.0.251,4.0,1.0,61.0,5353.0,5353.0,41.0,
284,1759919725.799131,78,Ethernet,benign,,,,,,192.168.137.45,224.0.0.251,4.0,1.0,64.0,5353.0,5353.0,44.0,
285,1759919725.886103,76,Ethernet,benign,,,,,,192.168.137.45,192.168.137.1,4.0,128.0,62.0,61772.0,53.0,42.0,
286,1759919726.018379,666,Ethernet,benign,,,,,,192.168.137.45,239.255.255.250,4.0,1.0,652.0,65139.0,3702.0,632.0,
287,1759919726.172568,698,Ethernet,benign,,,,,,192.168.137.45,239.255.255.250,4.0,1.0,684.0,65139.0,3702.0,664.0,
288,1759919726.326231,75,Ethernet,benign,,,,,,192.168.137.45,192.168.137.1,4.0,128.0,61.0,57197.0,53.0,41.0,
289,1759919726.326528,75,Ethernet,benign,,,,,,192.168.137.45,192.168.137.1,4.0,128.0,61.0,56337.0,53.0,41.0,
290,1759919726.506677,78,Ethernet,benign,,,,,,192.168.137.45,192.168.137.1,4.0,128.0,64.0,56118.0,53.0,44.0,
291,1759919726.672759,85,Ethernet,benign,,,,,,192.168.137.45,192.168.137.1,4.0,128.0,71.0,62828.0,53.0,51.0,
292,1759919727.298694,179,Ethernet,benign,,,,,,192.168.137.45,239.255.255.250,4.0,4.0,165.0,62826.0,1900.0,145.0,
293,1759919727.401953,666,Ethernet,benign,,,,,,192.168.137.45,239.255.255.250,4.0,1.0,652.0,65139.0,3702.0,632.0,
294,1759919727.457178,92,Ethernet,benign,,,,,,192.168.137.45,192.168.137.1,4.0,128.0,78.0,61486.0,53.0,58.0,
295,1759919727.477825,76,Ethernet,benign,,,,,,192.168.137.45,192.168.137.1,4.0,128.0,62.0,53086.0,53.0,42.0,
296,1759919727.514201,78,Ethernet,benign,,,,,,192.168.137.45,192.168.137.1,4.0,128.0,64.0,56118.0,53.0,44.0,
297,1759919727.521382,88,Ethernet,benign,,,,,,192.168.137.45,192.168.137.1,4.0,128.0,74.0,51042.0,53.0,54.0,
298,1759919727.74965,698,Ethernet,benign,,,,,,192.168.137.45,239.255.255.250,4.0,1.0,684.0,65139.0,3702.0,664.0,
299,1759919727.781029,143,Ethernet,benign,,,,,,192.168.137.45,239.255.255.250,4.0,4.0,129.0,62826.0,1900.0,109.0,
300,1759919727.791524,77,Ethernet,benign,,,,,,192.168.137.45,224.0.0.251,4.0,1.0,63.0,5353.0,5353.0,43.0,
301,1759919727.792407,75,Ethernet,benign,,,,,,192.168.137.45,224.0.0.251,4.0,1.0,61.0,5353.0,5353.0,41.0,
302,1759919727.793095,75,Ethernet,benign,,,,,,192.168.137.45,224.0.0.251,4.0,1.0,61.0,5353.0,5353.0,41.0,
303,1759919727.793454,76,Ethernet,benign,,,,,,192.168.137.45,224.0.0.251,4.0,1.0,62.0,5353.0,5353.0,42.0,
304,1759919727.797377,70,Ethernet,benign,,,,,,192.168.137.45,192.168.137.255,4.0,128.0,56.0,65148.0,22222.0,36.0,
305,1759919727.797631,70,Ethernet,benign,,,,,,192.168.137.45,192.168.137.255,4.0,128.0,56.0,65143.0,22222.0,36.0,
306,1759919727.797972,125,Ethernet,benign,,,,,,192.168.137.45,255.255.255.255,4.0,128.0,111.0,10004.0,10004.0,91.0,
307,1759919727.80438,81,Ethernet,benign,,,,,,192.168.137.45,192.168.137.1,4.0,128.0,67.0,59310.0,53.0,47.0,
308,1759919727.804395,78,Ethernet,benign,,,,,,192.168.137.45,192.168.137.1,4.0,128.0,64.0,63893.0,53.0,44.0,
309,1759919727.804664,56,Ethernet,benign,,,,,,192.168.137.45,192.168.137.255,4.0,128.0,42.0,65153.0,3289.0,22.0,
310,1759919727.80489,78,Ethernet,benign,,,,,,192.168.137.45,224.0.0.251,4.0,1.0,64.0,5353.0,5353.0,44.0,
311,1759919727.825822,75,Ethernet,benign,,,,,,192.168.137.45,192.168.137.1,4.0,128.0,61.0,51228.0,53.0,41.0,
312,1759919727.825822,81,Ethernet,benign,,,,,,192.168.137.45,192.168.137.1,4.0,128.0,67.0,56119.0,53.0,47.0,
313,1759919727.886205,76,Ethernet,benign,,,,,,192.168.137.45,192.168.137.1,4.0,128.0,62.0,61772.0,53.0,42.0,
314,1759919728.325019,106,Ethernet,benign,,,,,,192.168.137.45,192.168.137.1,4.0,128.0,92.0,57417.0,53.0,72.0,
315,1759919728.325022,76,Ethernet,benign,,,,,,192.168.137.45,192.168.137.1,4.0,128.0,62.0,61846.0,53.0,42.0,
316,1759919728.353574,75,Ethernet,benign,,,,,,192.168.137.45,192.168.137.1,4.0,128.0,61.0,49897.0,53.0,41.0,
317,1759919728.521054,78,Ethernet,benign,,,,,,192.168.137.45,192.168.137.1,4.0,128.0,64.0,56118.0,53.0,44.0,
318,1759919728.521054,88,Ethernet,benign,,,,,,192.168.137.45,192.168.137.1,4.0,128.0,74.0,51042.0,53.0,54.0,
319,1759919728.679249,85,Ethernet,benign,,,,,,192.168.137.45,192.168.137.1,4.0,128.0,71.0,62828.0,53.0,51.0,
320,1759919728.90498,86,Ethernet,benign,,,,,,192.168.137.45,192.168.137.1,4.0,128.0,72.0,62841.0,53.0,52.0,
321,1759919729.360438,75,Ethernet,benign,,,,,,192.168.137.45,192.168.137.1,4.0,128.0,61.0,49897.0,53.0,41.0,
322,1759919729.40229,666,Ethernet,benign,,,,,,192.168.137.45,239.255.255.250,4.0,1.0,652.0,65139.0,3702.0,632.0,
323,1759919729.526241,88,Ethernet,benign,,,,,,192.168.137.45,192.168.137.1,4.0,128.0,74.0,51042.0,53.0,54.0,
324,1759919729.637283,72,Ethernet,benign,,,,,,192.168.137.45,192.168.137.1,4.0,128.0,58.0,57796.0,53.0,38.0,
325,1759919729.742031,96,Ethernet,benign,,,,,,192.168.137.45,224.0.0.251,4.0,1.0,82.0,5353.0,5353.0,62.0,
326,1759919729.749799,698,Ethernet,benign,,,,,,192.168.137.45,239.255.255.250,4.0,1.0,684.0,65139.0,3702.0,664.0,
327,1759919730.360617,75,Ethernet,benign,,,,,,192.168.137.45,192.168.137.1,4.0,128.0,61.0,49897.0,53.0,41.0,
328,1759919730.522458,78,Ethernet,benign,,,,,,192.168.137.45,192.168.137.1,4.0,128.0,64.0,56118.0,53.0,44.0,
329,1759919730.637856,72,Ethernet,benign,,,,,,192.168.137.45,192.168.137.1,4.0,128.0,58.0,57796.0,53.0,38.0,
330,1759919730.783711,143,Ethernet,benign,,,,,,192.168.137.45,239.255.255.250,4.0,4.0,129.0,62826.0,1900.0,109.0,
331,1759919730.797814,70,Ethernet,benign,,,,,,192.168.137.45,192.168.137.255,4.0,128.0,56.0,65148.0,22222.0,36.0,
332,1759919730.797822,70,Ethernet,benign,,,,,,192.168.137.45,192.168.137.255,4.0,128.0,56.0,65143.0,22222.0,36.0,
333,1759919730.798235,125,Ethernet,benign,,,,,,192.168.137.45,255.255.255.255,4.0,128.0,111.0,10004.0,10004.0,91.0,
334,1759919730.807073,56,Ethernet,benign,,,,,,192.168.137.45,192.168.137.255,4.0,128.0,42.0,65153.0,3289.0,22.0,
335,1759919731.408261,666,Ethernet,benign,,,,,,192.168.137.45,239.255.255.250,4.0,1.0,652.0,65139.0,3702.0,632.0,
336,1759919731.465412,92,Ethernet,benign,,,,,,192.168.137.45,192.168.137.1,4.0,128.0,78.0,61486.0,53.0,58.0,
337,1759919731.481571,76,Ethernet,benign,,,,,,192.168.137.45,192.168.137.1,4.0,128.0,62.0,53086.0,53.0,42.0,
338,1759919731.526373,88,Ethernet,benign,,,,,,192.168.137.45,192.168.137.1,4.0,128.0,74.0,51042.0,53.0,54.0,
339,1759919731.640893,72,Ethernet,benign,,,,,,192.168.137.45,192.168.137.1,4.0,128.0,58.0,57796.0,53.0,38.0,
340,1759919731.750037,698,Ethernet,benign,,,,,,192.168.137.45,239.255.255.250,4.0,1.0,684.0,65139.0,3702.0,664.0,
341,1759919731.800146,75,Ethernet,benign,,,,,,192.168.137.45,224.0.0.251,4.0,1.0,61.0,5353.0,5353.0,41.0,
342,1759919731.800958,75,Ethernet,benign,,,,,,192.168.137.45,224.0.0.251,4.0,1.0,61.0,5353.0,5353.0,41.0,
343,1759919731.801577,77,Ethernet,benign,,,,,,192.168.137.45,224.0.0.251,4.0,1.0,63.0,5353.0,5353.0,43.0,
344,1759919731.802191,76,Ethernet,benign,,,,,,192.168.137.45,224.0.0.251,4.0,1.0,62.0,5353.0,5353.0,42.0,
345,1759919731.81199,78,Ethernet,benign,,,,,,192.168.137.45,224.0.0.251,4.0,1.0,64.0,5353.0,5353.0,44.0,
346,1759919731.812984,81,Ethernet,benign,,,,,,192.168.137.45,192.168.137.1,4.0,128.0,67.0,52038.0,53.0,47.0,
347,1759919731.813262,81,Ethernet,benign,,,,,,192.168.137.45,192.168.137.1,4.0,128.0,67.0,59004.0,53.0,47.0,
348,1759919731.816406,78,Ethernet,benign,,,,,,192.168.137.45,192.168.137.1,4.0,128.0,64.0,56463.0,53.0,44.0,
349,1759919731.816683,78,Ethernet,benign,,,,,,192.168.137.45,192.168.137.1,4.0,128.0,64.0,50506.0,53.0,44.0,
350,1759919731.827621,81,Ethernet,benign,,,,,,192.168.137.45,192.168.137.1,4.0,128.0,67.0,65022.0,53.0,47.0,
351,1759919731.827859,81,Ethernet,benign,,,,,,192.168.137.45,192.168.137.1,4.0,128.0,67.0,59965.0,53.0,47.0,
352,1759919731.828097,75,Ethernet,benign,,,,,,192.168.137.45,192.168.137.1,4.0,128.0,61.0,56269.0,53.0,41.0,
353,1759919731.828263,75,Ethernet,benign,,,,,,192.168.137.45,192.168.137.1,4.0,128.0,61.0,57051.0,53.0,41.0,
354,1759919731.888511,76,Ethernet,benign,,,,,,192.168.137.45,192.168.137.1,4.0,128.0,62.0,61772.0,53.0,42.0,
355,1759919732.360768,75,Ethernet,benign,,,,,,192.168.137.45,192.168.137.1,4.0,128.0,61.0,49897.0,53.0,41.0,
356,1759919732.679534,85,Ethernet,benign,,,,,,192.168.137.45,192.168.137.1,4.0,128.0,71.0,62828.0,53.0,51.0,
357,1759919732.825377,81,Ethernet,benign,,,,,,192.168.137.45,192.168.137.1,4.0,128.0,67.0,62485.0,53.0,47.0,
358,1759919732.825634,81,Ethernet,benign,,,,,,192.168.137.45,192.168.137.1,4.0,128.0,67.0,51960.0,53.0,47.0,
359,1759919732.83297,78,Ethernet,benign,,,,,,192.168.137.45,192.168.137.1,4.0,128.0,64.0,65478.0,53.0,44.0,
360,1759919732.833119,78,Ethernet,benign,,,,,,192.168.137.45,192.168.137.1,4.0,128.0,64.0,64898.0,53.0,44.0,
361,1759919732.839568,81,Ethernet,benign,,,,,,192.168.137.45,192.168.137.1,4.0,128.0,67.0,54046.0,53.0,47.0,
362,1759919732.839868,81,Ethernet,benign,,,,,,192.168.137.45,192.168.137.1,4.0,128.0,67.0,51672.0,53.0,47.0,
363,1759919732.840057,75,Ethernet,benign,,,,,,192.168.137.45,192.168.137.1,4.0,128.0,61.0,51775.0,53.0,41.0,
364,1759919732.840177,75,Ethernet,benign,,,,,,192.168.137.45,192.168.137.1,4.0,128.0,61.0,58970.0,53.0,41.0,
365,1759919733.078208,75,Ethernet,benign,,,,,,192.168.137.45,192.168.137.1,4.0,128.0,61.0,64520.0,53.0,41.0,
366,1759919733.51451,86,Ethernet,benign,,,,,,192.168.137.45,192.168.137.1,4.0,128.0,72.0,52894.0,53.0,52.0,
367,1759919733.514842,86,Ethernet,benign,,,,,,192.168.137.45,192.168.137.1,4.0,128.0,72.0,56517.0,53.0,52.0,
368,1759919733.644947,72,Ethernet,benign,,,,,,192.168.137.45,192.168.137.1,4.0,128.0,58.0,57796.0,53.0,38.0,
369,1759919733.798409,70,Ethernet,benign,,,,,,192.168.137.45,192.168.137.255,4.0,128.0,56.0,65143.0,22222.0,36.0,
370,1759919733.798409,70,Ethernet,benign,,,,,,192.168.137.45,192.168.137.255,4.0,128.0,56.0,65148.0,22222.0,36.0,
371,1759919733.798421,56,Ethernet,benign,,,,,,192.168.137.45,192.168.137.255,4.0,128.0,42.0,65153.0,3289.0,22.0,
372,1759919733.798989,125,Ethernet,benign,,,,,,192.168.137.45,255.255.255.255,4.0,128.0,111.0,10004.0,10004.0,91.0,
373,1759919734.085652,75,Ethernet,benign,,,,,,192.168.137.45,192.168.137.1,4.0,128.0,61.0,64520.0,53.0,41.0,
374,1759919734.533673,78,Ethernet,benign,,,,,,192.168.137.45,192.168.137.1,4.0,128.0,64.0,56118.0,53.0,44.0,
375,1759919734.53419,86,Ethernet,benign,,,,,,192.168.137.45,192.168.137.1,4.0,128.0,72.0,53479.0,53.0,52.0,
376,1759919734.534714,86,Ethernet,benign,,,,,,192.168.137.45,192.168.137.1,4.0,128.0,72.0,63799.0,53.0,52.0,
377,1759919734.863988,81,Ethernet,benign,,,,,,192.168.137.45,192.168.137.1,4.0,128.0,67.0,61256.0,53.0,47.0,
378,1759919734.863988,78,Ethernet,benign,,,,,,192.168.137.45,192.168.137.1,4.0,128.0,64.0,53825.0,53.0,44.0,
379,1759919734.864073,81,Ethernet,benign,,,,,,192.168.137.45,192.168.137.1,4.0,128.0,67.0,61207.0,53.0,47.0,
380,1759919734.865102,75,Ethernet,benign,,,,,,192.168.137.45,192.168.137.1,4.0,128.0,61.0,61156.0,53.0,41.0,
381,1759919735.089882,75,Ethernet,benign,,,,,,192.168.137.45,192.168.137.1,4.0,128.0,61.0,64520.0,53.0,41.0,
382,1759919735.526685,88,Ethernet,benign,,,,,,192.168.137.45,192.168.137.1,4.0,128.0,74.0,51042.0,53.0,54.0,
383,1759919735.867378,75,Ethernet,benign,,,,,,192.168.137.45,192.168.137.1,4.0,128.0,61.0,61156.0,53.0,41.0,
384,1759919735.867378,78,Ethernet,benign,,,,,,192.168.137.45,192.168.137.1,4.0,128.0,64.0,53825.0,53.0,44.0,
385,1759919735.867378,81,Ethernet,benign,,,,,,192.168.137.45,192.168.137.1,4.0,128.0,67.0,61207.0,53.0,47.0,
386,1759919735.867447,81,Ethernet,benign,,,,,,192.168.137.45,192.168.137.1,4.0,128.0,67.0,61256.0,53.0,47.0,
387,1759919736.070376,83,Ethernet,benign,,,,,,192.168.137.45,192.168.137.1,4.0,128.0,69.0,50516.0,53.0,49.0,
388,1759919736.070416,84,Ethernet,benign,,,,,,192.168.137.45,192.168.137.1,4.0,128.0,70.0,64754.0,53.0,50.0,
389,1759919736.367131,75,Ethernet,benign,,,,,,192.168.137.45,192.168.137.1,4.0,128.0,61.0,49897.0,53.0,41.0,
390,1759919736.562961,86,Ethernet,benign,,,,,,192.168.137.45,192.168.137.1,4.0,128.0,72.0,59395.0,53.0,52.0,
391,1759919736.688948,85,Ethernet,benign,,,,,,192.168.137.45,192.168.137.1,4.0,128.0,71.0,52903.0,53.0,51.0,
392,1759919736.689425,85,Ethernet,benign,,,,,,192.168.137.45,192.168.137.1,4.0,128.0,71.0,49191.0,53.0,51.0,
393,1759919736.800218,70,Ethernet,benign,,,,,,192.168.137.45,192.168.137.255,4.0,128.0,56.0,65148.0,22222.0,36.0,
394,1759919736.800219,70,Ethernet,benign,,,,,,192.168.137.45,192.168.137.255,4.0,128.0,56.0,65143.0,22222.0,36.0,
395,1759919736.800348,56,Ethernet,benign,,,,,,192.168.137.45,192.168.137.255,4.0,128.0,42.0,65153.0,3289.0,22.0,
396,1759919736.800681,125,Ethernet,benign,,,,,,192.168.137.45,255.255.255.255,4.0,128.0,111.0,10004.0,10004.0,91.0,
397,1759919736.873469,78,Ethernet,benign,,,,,,192.168.137.45,192.168.137.1,4.0,128.0,64.0,53825.0,53.0,44.0,
398,1759919736.873469,81,Ethernet,benign,,,,,,192.168.137.45,192.168.137.1,4.0,128.0,67.0,61207.0,53.0,47.0,
399,1759919736.873489,81,Ethernet,benign,,,,,,192.168.137.45,192.168.137.1,4.0,128.0,67.0,61256.0,53.0,47.0,
400,1759919736.873549,75,Ethernet,benign,,,,,,192.168.137.45,192.168.137.1,4.0,128.0,61.0,61156.0,53.0,41.0,
401,1759919737.072538,84,Ethernet,benign,,,,,,192.168.137.45,192.168.137.1,4.0,128.0,70.0,64754.0,53.0,50.0,
402,1759919737.072538,83,Ethernet,benign,,,,,,192.168.137.45,192.168.137.1,4.0,128.0,69.0,50516.0,53.0,49.0,
403,1759919737.097308,75,Ethernet,benign,,,,,,192.168.137.45,192.168.137.1,4.0,128.0,61.0,64520.0,53.0,41.0,
404,1759919737.56769,86,Ethernet,benign,,,,,,192.168.137.45,192.168.137.1,4.0,128.0,72.0,59395.0,53.0,52.0,
405,1759919737.645312,72,Ethernet,benign,,,,,,192.168.137.45,192.168.137.1,4.0,128.0,58.0,57796.0,53.0,38.0,
406,1759919737.706856,85,Ethernet,benign,,,,,,192.168.137.45,192.168.137.1,4.0,128.0,71.0,53803.0,53.0,51.0,
407,1759919737.707155,85,Ethernet,benign,,,,,,192.168.137.45,192.168.137.1,4.0,128.0,71.0,62976.0,53.0,51.0,
408,1759919738.061756,86,Ethernet,benign,,,,,,192.168.137.45,192.168.137.1,4.0,128.0,72.0,53690.0,53.0,52.0,
409,1759919738.062104,86,Ethernet,benign,,,,,,192.168.137.45,192.168.137.1,4.0,128.0,72.0,58140.0,53.0,52.0,
410,1759919738.083831,84,Ethernet,benign,,,,,,192.168.137.45,192.168.137.1,4.0,128.0,70.0,64754.0,53.0,50.0,
411,1759919738.083831,83,Ethernet,benign,,,,,,192.168.137.45,192.168.137.1,4.0,128.0,69.0,50516.0,53.0,49.0,
412,1759919738.38764,66,Ethernet,benign,,,,,,192.168.137.45,1.1.1.1,4.0,128.0,52.0,56270.0,443.0,,S
413,1759919738.541902,78,Ethernet,benign,,,,,,192.168.137.45,192.168.137.1,4.0,128.0,64.0,51547.0,53.0,44.0,
414,1759919738.542218,78,Ethernet,benign,,,,,,192.168.137.45,192.168.137.1,4.0,128.0,64.0,64315.0,53.0,44.0,
415,1759919738.574554,86,Ethernet,benign,,,,,,192.168.137.45,192.168.137.1,4.0,128.0,72.0,59395.0,53.0,52.0,
416,1759919738.874341,81,Ethernet,benign,,,,,,192.168.137.45,192.168.137.1,4.0,128.0,67.0,61256.0,53.0,47.0,
417,1759919738.874341,75,Ethernet,benign,,,,,,192.168.137.45,192.168.137.1,4.0,128.0,61.0,61156.0,53.0,41.0,
418,1759919738.874452,78,Ethernet,benign,,,,,,192.168.137.45,192.168.137.1,4.0,128.0,64.0,53825.0,53.0,44.0,
419,1759919738.875377,81,Ethernet,benign,,,,,,192.168.137.45,192.168.137.1,4.0,128.0,67.0,61207.0,53.0,47.0,
420,1759919739.075704,86,Ethernet,benign,,,,,,192.168.137.45,192.168.137.1,4.0,128.0,72.0,55293.0,53.0,52.0,
421,1759919739.076853,86,Ethernet,benign,,,,,,192.168.137.45,192.168.137.1,4.0,128.0,72.0,65470.0,53.0,52.0,
422,1759919739.394649,66,Ethernet,benign,,,,,,192.168.137.45,1.1.1.1,4.0,128.0,52.0,56270.0,443.0,,S
423,1759919739.554256,78,Ethernet,benign,,,,,,192.168.137.45,192.168.137.1,4.0,128.0,64.0,50893.0,53.0,44.0,
424,1759919739.554962,78,Ethernet,benign,,,,,,192.168.137.45,192.168.137.1,4.0,128.0,64.0,50350.0,53.0,44.0,
425,1759919739.797025,70,Ethernet,benign,,,,,,192.168.137.45,192.168.137.255,4.0,128.0,56.0,65143.0,22222.0,36.0,
426,1759919739.79709,70,Ethernet,benign,,,,,,192.168.137.45,192.168.137.255,4.0,128.0,56.0,65148.0,22222.0,36.0,
427,1759919739.797705,125,Ethernet,benign,,,,,,192.168.137.45,255.255.255.255,4.0,128.0,111.0,10004.0,10004.0,91.0,
428,1759919739.804089,56,Ethernet,benign,,,,,,192.168.137.45,192.168.137.255,4.0,128.0,42.0,65153.0,3289.0,22.0,
429,1759919739.804994,76,Ethernet,benign,,,,,,192.168.137.45,224.0.0.251,4.0,1.0,62.0,5353.0,5353.0,42.0,
430,1759919739.806267,75,Ethernet,benign,,,,,,192.168.137.45,224.0.0.251,4.0,1.0,61.0,5353.0,5353.0,41.0,
431,1759919739.806915,77,Ethernet,benign,,,,,,192.168.137.45,224.0.0.251,4.0,1.0,63.0,5353.0,5353.0,43.0,
432,1759919739.807748,75,Ethernet,benign,,,,,,192.168.137.45,224.0.0.251,4.0,1.0,61.0,5353.0,5353.0,41.0,
433,1759919739.81851,78,Ethernet,benign,,,,,,192.168.137.45,224.0.0.251,4.0,1.0,64.0,5353.0,5353.0,44.0,
434,1759919740.085125,84,Ethernet,benign,,,,,,192.168.137.45,192.168.137.1,4.0,128.0,70.0,64754.0,53.0,50.0,
435,1759919740.085125,83,Ethernet,benign,,,,,,192.168.137.45,192.168.137.1,4.0,128.0,69.0,50516.0,53.0,49.0,
436,1759919740.190577,91,Ethernet,benign,,,,,,192.168.137.45,192.168.137.1,4.0,128.0,77.0,61287.0,53.0,57.0,
437,1759919740.190838,91,Ethernet,benign,,,,,,192.168.137.45,192.168.137.1,4.0,128.0,77.0,49993.0,53.0,57.0,
438,1759919740.576169,86,Ethernet,benign,,,,,,192.168.137.45,192.168.137.1,4.0,128.0,72.0,59395.0,53.0,52.0,
439,1759919740.868209,75,Ethernet,benign,,,,,,192.168.137.45,192.168.137.1,4.0,128.0,61.0,53840.0,53.0,41.0,
440,1759919740.868536,75,Ethernet,benign,,,,,,192.168.137.45,192.168.137.1,4.0,128.0,61.0,49805.0,53.0,41.0,
441,1759919741.072093,81,Ethernet,benign,,,,,,192.168.137.45,192.168.137.1,4.0,128.0,67.0,59272.0,53.0,47.0,
442,1759919741.07241,81,Ethernet,benign,,,,,,192.168.137.45,192.168.137.1,4.0,128.0,67.0,49173.0,53.0,47.0,
443,1759919741.102311,75,Ethernet,benign,,,,,,192.168.137.45,192.168.137.1,4.0,128.0,61.0,64520.0,53.0,41.0,
444,1759919741.192766,75,Ethernet,benign,,,,,,192.168.137.45,192.168.137.1,4.0,128.0,61.0,54002.0,53.0,41.0,
445,1759919741.192993,75,Ethernet,benign,,,,,,192.168.137.45,192.168.137.1,4.0,128.0,61.0,63417.0,53.0,41.0,
446,1759919741.206558,91,Ethernet,benign,,,,,,192.168.137.45,192.168.137.1,4.0,128.0,77.0,55178.0,53.0,57.0,
447,1759919741.206969,91,Ethernet,benign,,,,,,192.168.137.45,192.168.137.1,4.0,128.0,77.0,57287.0,53.0,57.0,
448,1759919741.401818,66,Ethernet,benign,,,,,,192.168.137.45,1.1.1.1,4.0,128.0,52.0,56270.0,443.0,,S
449,1759919741.606851,85,Ethernet,benign,,,,,,192.168.137.45,192.168.137.1,4.0,128.0,71.0,55497.0,53.0,51.0,
450,1759919741.607191,85,Ethernet,benign,,,,,,192.168.137.45,192.168.137.1,4.0,128.0,71.0,64048.0,53.0,51.0,
451,1759919741.88117,75,Ethernet,benign,,,,,,192.168.137.45,192.168.137.1,4.0,128.0,61.0,56720.0,53.0,41.0,
452,1759919741.881617,75,Ethernet,benign,,,,,,192.168.137.45,192.168.137.1,4.0,128.0,61.0,49165.0,53.0,41.0,
453,1759919742.089488,81,Ethernet,benign,,,,,,192.168.137.45,192.168.137.1,4.0,128.0,67.0,53589.0,53.0,47.0,
454,1759919742.09038,81,Ethernet,benign,,,,,,192.168.137.45,192.168.137.1,4.0,128.0,67.0,64281.0,53.0,47.0,
455,1759919742.208289,75,Ethernet,benign,,,,,,192.168.137.45,192.168.137.1,4.0,128.0,61.0,58010.0,53.0,41.0,
456,1759919742.208584,75,Ethernet,benign,,,,,,192.168.137.45,192.168.137.1,4.0,128.0,61.0,64591.0,53.0,41.0,
457,1759919742.630483,85,Ethernet,benign,,,,,,192.168.137.45,192.168.137.1,4.0,128.0,71.0,60851.0,53.0,51.0,
458,1759919742.630788,85,Ethernet,benign,,,,,,192.168.137.45,192.168.137.1,4.0,128.0,71.0,54081.0,53.0,51.0,
459,1759919742.880276,81,Ethernet,benign,,,,,,192.168.137.45,192.168.137.1,4.0,128.0,67.0,61207.0,53.0,47.0,
