index,label,timestamp,length,protocol,source_ip,destination_ip,ip_version,ttl,ip_len,source_port,destination_port,udp_len,arp_op,arp_hwsrc,arp_hwdst,arp_psrc,arp_pdst,tcp_flags
0,benign,1759919617.346387,342,Ethernet,0.0.0.0,255.255.255.255,4.0,128.0,328.0,68.0,67.0,308.0,,,,,,
1,benign,1759919620.926995,342,Ethernet,192.168.137.1,192.168.137.45,4.0,64.0,328.0,67.0,68.0,308.0,,,,,,
2,benign,1759919620.928736,348,Ethernet,0.0.0.0,255.255.255.255,4.0,128.0,334.0,68.0,67.0,314.0,,,,,,
3,benign,1759919620.938966,343,Ethernet,192.168.137.1,192.168.137.45,4.0,64.0,329.0,67.0,68.0,309.0,,,,,,
4,benign,1759919620.947678,42,Ethernet,,,,,,,,,1.0,28:d0:43:42:f2:70,00:00:00:00:00:00,192.168.137.45,192.168.137.1,
5,benign,1759919620.951554,42,Ethernet,,,,,,,,,2.0,e4:5f:01:54:8e:16,28:d0:43:42:f2:70,192.168.137.1,192.168.137.45,
6,benign,1759919620.951554,42,Ethernet,,,,,,,,,2.0,e4:5f:01:54:8e:16,28:d0:43:42:f2:70,192.168.137.1,192.168.137.45,
7,benign,1759919620.960251,42,Ethernet,,,,,,,,,1.0,28:d0:43:42:f2:70,00:00:00:00:00:00,192.168.137.45,192.168.137.1,
8,benign,1759919620.963003,42,Ethernet,,,,,,,,,2.0,e4:5f:01:54:8e:16,28:d0:43:42:f2:70,192.168.137.1,192.168.137.45,
9,benign,1759919620.991643,54,Ethernet,192.168.137.45,224.0.0.22,4.0,1.0,40.0,,,,,,,,,
10,benign,1759919620.993028,81,Ethernet,192.168.137.45,192.168.137.1,4.0,128.0,67.0,51797.0,53.0,47.0,,,,,,
11,benign,1759919620.993357,81,Ethernet,192.168.137.45,192.168.137.1,4.0,128.0,67.0,56370.0,53.0,47.0,,,,,,
12,benign,1759919620.99343,54,Ethernet,192.168.137.45,224.0.0.22,4.0,1.0,40.0,,,,,,,,,
13,benign,1759919620.993733,86,Ethernet,192.168.137.45,192.168.137.1,4.0,128.0,72.0,57508.0,53.0,52.0,,,,,,
14,benign,1759919620.993805,54,Ethernet,192.168.137.45,224.0.0.22,4.0,1.0,40.0,,,,,,,,,
15,benign,1759919620.993926,86,Ethernet,192.168.137.45,192.168.137.1,4.0,128.0,72.0,64811.0,53.0,52.0,,,,,,
16,benign,1759919620.994172,76,Ethernet,192.168.137.45,192.168.137.1,4.0,128.0,62.0,49923.0,53.0,42.0,,,,,,
17,benign,1759919621.001921,81,Ethernet,192.168.137.45,192.168.137.1,4.0,128.0,67.0,61635.0,53.0,47.0,,,,,,
18,benign,1759919621.002164,81,Ethernet,192.168.137.45,192.168.137.1,4.0,128.0,67.0,53266.0,53.0,47.0,,,,,,
19,benign,1759919621.006893,64,Ethernet,192.168.137.45,224.0.0.252,4.0,1.0,50.0,54109.0,5355.0,30.0,,,,,,
20,benign,1759919621.013045,78,Ethernet,192.168.137.45,192.168.137.1,4.0,128.0,64.0,60186.0,53.0,44.0,,,,,,
21,benign,1759919621.017263,75,Ethernet,192.168.137.45,192.168.137.1,4.0,128.0,61.0,62542.0,53.0,41.0,,,,,,
22,benign,1759919621.017263,126,Ethernet,192.168.137.45,192.168.137.1,4.0,128.0,112.0,62826.0,53.0,92.0,,,,,,
23,benign,1759919621.028715,110,Ethernet,192.168.137.45,192.168.137.255,4.0,128.0,96.0,137.0,137.0,76.0,,,,,,
24,benign,1759919621.031632,54,Ethernet,192.168.137.45,224.0.0.22,4.0,1.0,40.0,,,,,,,,,
25,benign,1759919621.06528,88,Ethernet,192.168.137.45,192.168.137.1,4.0,128.0,74.0,51757.0,53.0,54.0,,,,,,
26,benign,1759919621.198494,42,Ethernet,,,,,,,,,1.0,28:d0:43:42:f2:70,00:00:00:00:00:00,0.0.0.0,192.168.137.45,
27,benign,1759919621.198956,62,Ethernet,192.168.137.45,224.0.0.22,4.0,1.0,48.0,,,,,,,,,
28,benign,1759919621.221967,42,Ethernet,,,,,,,,,1.0,28:d0:43:42:f2:70,00:00:00:00:00:00,192.168.137.45,192.168.137.1,
29,benign,1759919621.225537,42,Ethernet,,,,,,,,,2.0,e4:5f:01:54:8e:16,28:d0:43:42:f2:70,192.168.137.1,192.168.137.45,
30,benign,1759919621.25442,143,Ethernet,192.168.137.45,239.255.255.250,4.0,4.0,129.0,60202.0,1900.0,109.0,,,,,,
31,benign,1759919621.285126,169,Ethernet,192.168.137.45,239.255.255.250,4.0,4.0,155.0,60202.0,1900.0,135.0,,,,,,
32,benign,1759919621.310331,169,Ethernet,192.168.137.45,239.255.255.250,4.0,4.0,155.0,60202.0,1900.0,135.0,,,,,,
33,benign,1759919621.337612,169,Ethernet,192.168.137.45,239.255.255.250,4.0,4.0,155.0,60202.0,1900.0,135.0,,,,,,
34,benign,1759919621.372459,169,Ethernet,192.168.137.45,239.255.255.250,4.0,4.0,155.0,60202.0,1900.0,135.0,,,,,,
35,benign,1759919621.400461,169,Ethernet,192.168.137.45,239.255.255.250,4.0,4.0,155.0,60202.0,1900.0,135.0,,,,,,
36,benign,1759919621.425133,64,Ethernet,192.168.137.45,224.0.0.252,4.0,1.0,50.0,54109.0,5355.0,30.0,,,,,,
37,benign,1759919621.434254,169,Ethernet,192.168.137.45,239.255.255.250,4.0,4.0,155.0,60202.0,1900.0,135.0,,,,,,
38,benign,1759919621.463145,169,Ethernet,192.168.137.45,239.255.255.250,4.0,4.0,155.0,60202.0,1900.0,135.0,,,,,,
39,benign,1759919621.489537,169,Ethernet,192.168.137.45,239.255.255.250,4.0,4.0,155.0,60202.0,1900.0,135.0,,,,,,
40,benign,1759919621.509646,83,Ethernet,192.168.137.45,192.168.137.1,4.0,128.0,69.0,61129.0,53.0,49.0,,,,,,
41,benign,1759919621.519218,169,Ethernet,192.168.137.45,239.255.255.250,4.0,4.0,155.0,60202.0,1900.0,135.0,,,,,,
42,benign,1759919621.525706,72,Ethernet,192.168.137.45,192.168.137.1,4.0,128.0,58.0,49670.0,53.0,38.0,,,,,,
43,benign,1759919621.547503,169,Ethernet,192.168.137.45,239.255.255.250,4.0,4.0,155.0,60202.0,1900.0,135.0,,,,,,
44,benign,1759919621.55261,42,Ethernet,,,,,,,,,1.0,28:d0:43:42:f2:70,00:00:00:00:00:00,192.168.137.45,192.168.137.1,
45,benign,1759919621.555281,42,Ethernet,,,,,,,,,2.0,e4:5f:01:54:8e:16,28:d0:43:42:f2:70,192.168.137.1,192.168.137.45,
46,benign,1759919621.572978,169,Ethernet,192.168.137.45,239.255.255.250,4.0,4.0,155.0,60202.0,1900.0,135.0,,,,,,
47,benign,1759919621.602116,169,Ethernet,192.168.137.45,239.255.255.250,4.0,4.0,155.0,60202.0,1900.0,135.0,,,,,,
48,benign,1759919621.628662,169,Ethernet,192.168.137.45,239.255.255.250,4.0,4.0,155.0,60202.0,1900.0,135.0,,,,,,
49,benign,1759919621.656378,169,Ethernet,192.168.137.45,239.255.255.250,4.0,4.0,155.0,60202.0,1900.0,135.0,,,,,,
50,benign,1759919621.692012,169,Ethernet,192.168.137.45,239.255.255.250,4.0,4.0,155.0,60202.0,1900.0,135.0,,,,,,
51,benign,1759919621.718922,167,Ethernet,192.168.137.45,239.255.255.250,4.0,4.0,153.0,60202.0,1900.0,133.0,,,,,,
52,benign,1759919621.746314,169,Ethernet,192.168.137.45,239.255.255.250,4.0,4.0,155.0,60202.0,1900.0,135.0,,,,,,
53,benign,1759919621.774574,169,Ethernet,192.168.137.45,239.255.255.250,4.0,4.0,155.0,60202.0,1900.0,135.0,,,,,,
54,benign,1759919621.782616,110,Ethernet,192.168.137.45,192.168.137.255,4.0,128.0,96.0,137.0,137.0,76.0,,,,,,
55,benign,1759919621.802683,169,Ethernet,192.168.137.45,239.255.255.250,4.0,4.0,155.0,60202.0,1900.0,135.0,,,,,,
56,benign,1759919621.837034,169,Ethernet,192.168.137.45,239.255.255.250,4.0,4.0,155.0,60202.0,1900.0,135.0,,,,,,
57,benign,1759919621.864725,169,Ethernet,192.168.137.45,239.255.255.250,4.0,4.0,155.0,60202.0,1900.0,135.0,,,,,,
58,benign,1759919621.899978,169,Ethernet,192.168.137.45,239.255.255.250,4.0,4.0,155.0,60202.0,1900.0,135.0,,,,,,
59,benign,1759919621.929319,169,Ethernet,192.168.137.45,239.255.255.250,4.0,4.0,155.0,60202.0,1900.0,135.0,,,,,,
60,benign,1759919621.956184,169,Ethernet,192.168.137.45,239.255.255.250,4.0,4.0,155.0,60202.0,1900.0,135.0,,,,,,
61,benign,1759919621.956642,76,Ethernet,192.168.137.45,224.0.0.251,4.0,1.0,62.0,5353.0,5353.0,42.0,,,,,,
62,benign,1759919621.957375,77,Ethernet,192.168.137.45,224.0.0.251,4.0,1.0,63.0,5353.0,5353.0,43.0,,,,,,
63,benign,1759919621.958083,75,Ethernet,192.168.137.45,224.0.0.251,4.0,1.0,61.0,5353.0,5353.0,41.0,,,,,,
64,benign,1759919621.958811,78,Ethernet,192.168.137.45,224.0.0.251,4.0,1.0,64.0,5353.0,5353.0,44.0,,,,,,
65,benign,1759919621.959434,96,Ethernet,192.168.137.45,224.0.0.251,4.0,1.0,82.0,5353.0,5353.0,62.0,,,,,,
66,benign,1759919621.959972,75,Ethernet,192.168.137.45,224.0.0.251,4.0,1.0,61.0,5353.0,5353.0,41.0,,,,,,
67,benign,1759919621.988088,169,Ethernet,192.168.137.45,239.255.255.250,4.0,4.0,155.0,60202.0,1900.0,135.0,,,,,,
68,benign,1759919622.01303,81,Ethernet,192.168.137.45,192.168.137.1,4.0,128.0,67.0,63117.0,53.0,47.0,,,,,,
69,benign,1759919622.013297,81,Ethernet,192.168.137.45,192.168.137.1,4.0,128.0,67.0,57039.0,53.0,47.0,,,,,,
70,benign,1759919622.02406,75,Ethernet,192.168.137.45,192.168.137.1,4.0,128.0,61.0,62542.0,53.0,41.0,,,,,,
71,benign,1759919622.024062,78,Ethernet,192.168.137.45,192.168.137.1,4.0,128.0,64.0,60186.0,53.0,44.0,,,,,,
72,benign,1759919622.02407,126,Ethernet,192.168.137.45,192.168.137.1,4.0,128.0,112.0,62826.0,53.0,92.0,,,,,,
73,benign,1759919622.024492,169,Ethernet,192.168.137.45,239.255.255.250,4.0,4.0,155.0,60202.0,1900.0,135.0,,,,,,
74,benign,1759919622.053818,167,Ethernet,192.168.137.45,239.255.255.250,4.0,4.0,153.0,60202.0,1900.0,133.0,,,,,,
75,benign,1759919622.054341,143,Ethernet,192.168.137.45,239.255.255.250,4.0,4.0,129.0,60202.0,1900.0,109.0,,,,,,
76,benign,1759919622.06617,88,Ethernet,192.168.137.45,192.168.137.1,4.0,128.0,74.0,51757.0,53.0,54.0,,,,,,
77,benign,1759919622.087807,169,Ethernet,192.168.137.45,239.255.255.250,4.0,4.0,155.0,60202.0,1900.0,135.0,,,,,,
78,benign,1759919622.122179,169,Ethernet,192.168.137.45,239.255.255.250,4.0,4.0,155.0,60202.0,1900.0,135.0,,,,,,
79,benign,1759919622.154165,169,Ethernet,192.168.137.45,239.255.255.250,4.0,4.0,155.0,60202.0,1900.0,135.0,,,,,,
80,benign,1759919622.186972,169,Ethernet,192.168.137.45,239.255.255.250,4.0,4.0,155.0,60202.0,1900.0,135.0,,,,,,
81,benign,1759919622.19777,42,Ethernet,,,,,,,,,1.0,28:d0:43:42:f2:70,00:00:00:00:00:00,0.0.0.0,192.168.137.45,
82,benign,1759919622.221922,169,Ethernet,192.168.137.45,239.255.255.250,4.0,4.0,155.0,60202.0,1900.0,135.0,,,,,,
83,benign,1759919622.25398,179,Ethernet,192.168.137.45,239.255.255.250,4.0,4.0,165.0,60202.0,1900.0,145.0,,,,,,
84,benign,1759919622.51218,83,Ethernet,192.168.137.45,192.168.137.1,4.0,128.0,69.0,61129.0,53.0,49.0,,,,,,
85,benign,1759919622.520153,212,Ethernet,192.168.137.45,239.255.255.250,4.0,1.0,198.0,57041.0,1900.0,178.0,,,,,,
86,benign,1759919622.528087,72,Ethernet,192.168.137.45,192.168.137.1,4.0,128.0,58.0,49670.0,53.0,38.0,,,,,,
87,benign,1759919622.536008,110,Ethernet,192.168.137.45,192.168.137.255,4.0,128.0,96.0,137.0,137.0,76.0,,,,,,
88,benign,1759919622.656227,666,Ethernet,192.168.137.45,239.255.255.250,4.0,1.0,652.0,49777.0,3702.0,632.0,,,,,,
89,benign,1759919622.837765,66,Ethernet,192.168.137.45,1.1.1.1,4.0,128.0,52.0,56246.0,443.0,,,,,,,S
90,benign,1759919623.011792,86,Ethernet,192.168.137.45,192.168.137.1,4.0,128.0,72.0,56786.0,53.0,52.0,,,,,,
91,benign,1759919623.012061,86,Ethernet,192.168.137.45,192.168.137.1,4.0,128.0,72.0,57077.0,53.0,52.0,,,,,,
92,benign,1759919623.012293,76,Ethernet,192.168.137.45,192.168.137.1,4.0,128.0,62.0,57469.0,53.0,42.0,,,,,,
93,benign,1759919623.029645,126,Ethernet,192.168.137.45,192.168.137.1,4.0,128.0,112.0,62826.0,53.0,92.0,,,,,,
94,benign,1759919623.029752,75,Ethernet,192.168.137.45,192.168.137.1,4.0,128.0,61.0,62542.0,53.0,41.0,,,,,,
95,benign,1759919623.02981,78,Ethernet,192.168.137.45,192.168.137.1,4.0,128.0,64.0,60186.0,53.0,44.0,,,,,,
96,benign,1759919623.03462,78,Ethernet,192.168.137.45,192.168.137.1,4.0,128.0,64.0,52486.0,53.0,44.0,,,,,,
97,benign,1759919623.034991,78,Ethernet,192.168.137.45,192.168.137.1,4.0,128.0,64.0,55506.0,53.0,44.0,,,,,,
98,benign,1759919623.035049,126,Ethernet,192.168.137.45,192.168.137.1,4.0,128.0,112.0,65177.0,53.0,92.0,,,,,,
99,benign,1759919623.035276,126,Ethernet,192.168.137.45,192.168.137.1,4.0,128.0,112.0,62432.0,53.0,92.0,,,,,,
100,benign,1759919623.035515,76,Ethernet,192.168.137.45,192.168.137.1,4.0,128.0,62.0,63597.0,53.0,42.0,,,,,,
101,benign,1759919623.035693,76,Ethernet,192.168.137.45,192.168.137.1,4.0,128.0,62.0,52747.0,53.0,42.0,,,,,,
102,benign,1759919623.066207,88,Ethernet,192.168.137.45,192.168.137.1,4.0,128.0,74.0,51757.0,53.0,54.0,,,,,,
103,benign,1759919623.201405,42,Ethernet,,,,,,,,,1.0,28:d0:43:42:f2:70,00:00:00:00:00:00,0.0.0.0,192.168.137.45,
104,benign,1759919623.276561,42,Ethernet,,,,,,,,,1.0,28:d0:43:42:f2:70,00:00:00:00:00:00,192.168.137.45,192.168.137.1,
105,benign,1759919623.279684,42,Ethernet,,,,,,,,,2.0,e4:5f:01:54:8e:16,28:d0:43:42:f2:70,192.168.137.1,192.168.137.45,
106,benign,1759919623.291679,110,Ethernet,192.168.137.45,192.168.137.255,4.0,128.0,96.0,137.0,137.0,76.0,,,,,,
107,benign,1759919623.30761,179,Ethernet,192.168.137.45,239.255.255.250,4.0,4.0,165.0,60202.0,1900.0,145.0,,,,,,
108,benign,1759919623.512789,83,Ethernet,192.168.137.45,192.168.137.1,4.0,128.0,69.0,61129.0,53.0,49.0,,,,,,
109,benign,1759919623.524689,212,Ethernet,192.168.137.45,239.255.255.250,4.0,1.0,198.0,57041.0,1900.0,178.0,,,,,,
110,benign,1759919623.531649,72,Ethernet,192.168.137.45,192.168.137.1,4.0,128.0,58.0,49670.0,53.0,38.0,,,,,,
111,benign,1759919623.845131,66,Ethernet,192.168.137.45,1.1.1.1,4.0,128.0,52.0,56246.0,443.0,,,,,,,S
112,benign,1759919623.848017,42,Ethernet,,,,,,,,,1.0,28:d0:43:42:f2:70,00:00:00:00:00:00,192.168.137.45,192.168.137.1,
113,benign,1759919623.850707,42,Ethernet,,,,,,,,,2.0,e4:5f:01:54:8e:16,28:d0:43:42:f2:70,192.168.137.1,192.168.137.45,
114,benign,1759919623.856285,78,Ethernet,192.168.137.45,192.168.137.1,4.0,128.0,64.0,54522.0,53.0,44.0,,,,,,
115,benign,1759919623.856528,78,Ethernet,192.168.137.45,192.168.137.1,4.0,128.0,64.0,58691.0,53.0,44.0,,,,,,
116,benign,1759919623.96248,78,Ethernet,192.168.137.45,224.0.0.251,4.0,1.0,64.0,5353.0,5353.0,44.0,,,,,,
117,benign,1759919623.962876,75,Ethernet,192.168.137.45,224.0.0.251,4.0,1.0,61.0,5353.0,5353.0,41.0,,,,,,
118,benign,1759919623.963601,77,Ethernet,192.168.137.45,224.0.0.251,4.0,1.0,63.0,5353.0,5353.0,43.0,,,,,,
119,benign,1759919623.964459,96,Ethernet,192.168.137.45,224.0.0.251,4.0,1.0,82.0,5353.0,5353.0,62.0,,,,,,
120,benign,1759919623.965165,75,Ethernet,192.168.137.45,224.0.0.251,4.0,1.0,61.0,5353.0,5353.0,41.0,,,,,,
121,benign,1759919623.965787,76,Ethernet,192.168.137.45,224.0.0.251,4.0,1.0,62.0,5353.0,5353.0,42.0,,,,,,
122,benign,1759919624.032721,86,Ethernet,192.168.137.45,192.168.137.1,4.0,128.0,72.0,55919.0,53.0,52.0,,,,,,
123,benign,1759919624.0331,86,Ethernet,192.168.137.45,192.168.137.1,4.0,128.0,72.0,51917.0,53.0,52.0,,,,,,
124,benign,1759919624.033436,76,Ethernet,192.168.137.45,192.168.137.1,4.0,128.0,62.0,51909.0,53.0,42.0,,,,,,
125,benign,1759919624.034542,81,Ethernet,192.168.137.45,192.168.137.1,4.0,128.0,67.0,56722.0,53.0,47.0,,,,,,
126,benign,1759919624.045892,78,Ethernet,192.168.137.45,192.168.137.1,4.0,128.0,64.0,50550.0,53.0,44.0,,,,,,
127,benign,1759919624.045892,126,Ethernet,192.168.137.45,192.168.137.1,4.0,128.0,112.0,62736.0,53.0,92.0,,,,,,
128,benign,1759919624.046162,78,Ethernet,192.168.137.45,192.168.137.1,4.0,128.0,64.0,61324.0,53.0,44.0,,,,,,
129,benign,1759919624.046203,126,Ethernet,192.168.137.45,192.168.137.1,4.0,128.0,112.0,59066.0,53.0,92.0,,,,,,
130,benign,1759919624.046469,76,Ethernet,192.168.137.45,192.168.137.1,4.0,128.0,62.0,58521.0,53.0,42.0,,,,,,
131,benign,1759919624.046765,76,Ethernet,192.168.137.45,192.168.137.1,4.0,128.0,62.0,55785.0,53.0,42.0,,,,,,
132,benign,1759919624.054948,110,Ethernet,192.168.137.45,192.168.137.255,4.0,128.0,96.0,137.0,137.0,76.0,,,,,,
133,benign,1759919624.055171,110,Ethernet,192.168.137.45,192.168.137.255,4.0,128.0,96.0,137.0,137.0,76.0,,,,,,
134,benign,1759919624.063384,78,Ethernet,192.168.137.45,192.168.137.1,4.0,128.0,64.0,56087.0,53.0,44.0,,,,,,
135,benign,1759919624.064517,78,Ethernet,192.168.137.45,192.168.137.1,4.0,128.0,64.0,65119.0,53.0,44.0,,,,,,
136,benign,1759919624.142589,77,Ethernet,192.168.137.45,192.168.137.1,4.0,128.0,63.0,62284.0,53.0,43.0,,,,,,
137,benign,1759919624.197493,42,Ethernet,,,,,,,,,1.0,28:d0:43:42:f2:70,00:00:00:00:00:00,0.0.0.0,169.254.164.108,
138,benign,1759919624.197607,42,Ethernet,,,,,,,,,1.0,28:d0:43:42:f2:70,00:00:00:00:00:00,192.168.137.45,192.168.137.45,
139,benign,1759919624.224443,78,Ethernet,192.168.137.45,192.168.137.1,4.0,128.0,64.0,60145.0,53.0,44.0,,,,,,
140,benign,1759919624.224776,78,Ethernet,192.168.137.45,192.168.137.1,4.0,128.0,64.0,49932.0,53.0,44.0,,,,,,
141,benign,1759919624.526884,212,Ethernet,192.168.137.45,239.255.255.250,4.0,1.0,198.0,57041.0,1900.0,178.0,,,,,,
142,benign,1759919624.663636,666,Ethernet,192.168.137.45,239.255.255.250,4.0,1.0,652.0,49777.0,3702.0,632.0,,,,,,
143,benign,1759919624.816009,110,Ethernet,192.168.137.45,192.168.137.255,4.0,128.0,96.0,137.0,137.0,76.0,,,,,,
144,benign,1759919624.816278,110,Ethernet,192.168.137.45,192.168.137.255,4.0,128.0,96.0,137.0,137.0,76.0,,,,,,
145,benign,1759919625.039546,78,Ethernet,192.168.137.45,192.168.137.1,4.0,128.0,64.0,60186.0,53.0,44.0,,,,,,
146,benign,1759919625.039546,75,Ethernet,192.168.137.45,192.168.137.1,4.0,128.0,61.0,62542.0,53.0,41.0,,,,,,
147,benign,1759919625.03963,81,Ethernet,192.168.137.45,192.168.137.1,4.0,128.0,67.0,56722.0,53.0,47.0,,,,,,
148,benign,1759919625.039642,126,Ethernet,192.168.137.45,192.168.137.1,4.0,128.0,112.0,62826.0,53.0,92.0,,,,,,
149,benign,1759919625.060441,143,Ethernet,192.168.137.45,239.255.255.250,4.0,4.0,129.0,60202.0,1900.0,109.0,,,,,,
150,benign,1759919625.080775,88,Ethernet,192.168.137.45,192.168.137.1,4.0,128.0,74.0,51757.0,53.0,54.0,,,,,,
151,benign,1759919625.142418,77,Ethernet,192.168.137.45,192.168.137.1,4.0,128.0,63.0,62284.0,53.0,43.0,,,,,,
152,benign,1759919625.240841,78,Ethernet,192.168.137.45,192.168.137.1,4.0,128.0,64.0,50060.0,53.0,44.0,,,,,,
153,benign,1759919625.241213,78,Ethernet,192.168.137.45,192.168.137.1,4.0,128.0,64.0,50840.0,53.0,44.0,,,,,,
154,benign,1759919625.260778,143,Ethernet,192.168.137.45,239.255.255.250,4.0,4.0,129.0,60202.0,1900.0,109.0,,,,,,
155,benign,1759919625.288332,169,Ethernet,192.168.137.45,239.255.255.250,4.0,4.0,155.0,60202.0,1900.0,135.0,,,,,,
156,benign,1759919625.324432,169,Ethernet,192.168.137.45,239.255.255.250,4.0,4.0,155.0,60202.0,1900.0,135.0,,,,,,
157,benign,1759919625.357619,169,Ethernet,192.168.137.45,239.255.255.250,4.0,4.0,155.0,60202.0,1900.0,135.0,,,,,,
158,benign,1759919625.385625,169,Ethernet,192.168.137.45,239.255.255.250,4.0,4.0,155.0,60202.0,1900.0,135.0,,,,,,
159,benign,1759919625.414732,169,Ethernet,192.168.137.45,239.255.255.250,4.0,4.0,155.0,60202.0,1900.0,135.0,,,,,,
160,benign,1759919625.441678,169,Ethernet,192.168.137.45,239.255.255.250,4.0,4.0,155.0,60202.0,1900.0,135.0,,,,,,
161,benign,1759919625.471812,169,Ethernet,192.168.137.45,239.255.255.250,4.0,4.0,155.0,60202.0,1900.0,135.0,,,,,,
162,benign,1759919625.505559,169,Ethernet,192.168.137.45,239.255.255.250,4.0,4.0,155.0,60202.0,1900.0,135.0,,,,,,
163,benign,1759919625.513704,83,Ethernet,192.168.137.45,192.168.137.1,4.0,128.0,69.0,61129.0,53.0,49.0,,,,,,
164,benign,1759919625.520263,82,Ethernet,192.168.137.45,224.0.0.251,4.0,1.0,68.0,5353.0,5353.0,48.0,,,,,,
165,benign,1759919625.520627,82,Ethernet,192.168.137.45,224.0.0.251,4.0,1.0,68.0,5353.0,5353.0,48.0,,,,,,
166,benign,1759919625.530417,212,Ethernet,192.168.137.45,239.255.255.250,4.0,1.0,198.0,57041.0,1900.0,178.0,,,,,,
167,benign,1759919625.538482,72,Ethernet,192.168.137.45,192.168.137.1,4.0,128.0,58.0,49670.0,53.0,38.0,,,,,,
168,benign,1759919625.538947,169,Ethernet,192.168.137.45,239.255.255.250,4.0,4.0,155.0,60202.0,1900.0,135.0,,,,,,
169,benign,1759919625.543784,82,Ethernet,192.168.137.45,224.0.0.251,4.0,1.0,68.0,5353.0,5353.0,48.0,,,,,,
170,benign,1759919625.544676,82,Ethernet,192.168.137.45,224.0.0.251,4.0,1.0,68.0,5353.0,5353.0,48.0,,,,,,
171,benign,1759919625.566413,110,Ethernet,192.168.137.45,192.168.137.255,4.0,128.0,96.0,137.0,137.0,76.0,,,,,,
172,benign,1759919625.566713,169,Ethernet,192.168.137.45,239.255.255.250,4.0,4.0,155.0,60202.0,1900.0,135.0,,,,,,
173,benign,1759919625.57248,110,Ethernet,192.168.137.45,192.168.137.255,4.0,128.0,96.0,137.0,137.0,76.0,,,,,,
174,benign,1759919625.593923,169,Ethernet,192.168.137.45,239.255.255.250,4.0,4.0,155.0,60202.0,1900.0,135.0,,,,,,
175,benign,1759919625.620471,169,Ethernet,192.168.137.45,239.255.255.250,4.0,4.0,155.0,60202.0,1900.0,135.0,,,,,,
176,benign,1759919625.645757,169,Ethernet,192.168.137.45,239.255.255.250,4.0,4.0,155.0,60202.0,1900.0,135.0,,,,,,
177,benign,1759919625.678166,169,Ethernet,192.168.137.45,239.255.255.250,4.0,4.0,155.0,60202.0,1900.0,135.0,,,,,,
178,benign,1759919625.705516,169,Ethernet,192.168.137.45,239.255.255.250,4.0,4.0,155.0,60202.0,1900.0,135.0,,,,,,
179,benign,1759919625.742763,167,Ethernet,192.168.137.45,239.255.255.250,4.0,4.0,153.0,60202.0,1900.0,133.0,,,,,,
180,benign,1759919625.74777,212,Ethernet,192.168.137.45,239.255.255.250,4.0,1.0,198.0,50842.0,1900.0,178.0,,,,,,
181,benign,1759919625.776328,169,Ethernet,192.168.137.45,239.255.255.250,4.0,4.0,155.0,60202.0,1900.0,135.0,,,,,,
182,benign,1759919625.807756,169,Ethernet,192.168.137.45,239.255.255.250,4.0,4.0,155.0,60202.0,1900.0,135.0,,,,,,
183,benign,1759919625.836604,169,Ethernet,192.168.137.45,239.255.255.250,4.0,4.0,155.0,60202.0,1900.0,135.0,,,,,,
184,benign,1759919625.850035,66,Ethernet,192.168.137.45,1.1.1.1,4.0,128.0,52.0,56246.0,443.0,,,,,,,S
185,benign,1759919625.871493,169,Ethernet,192.168.137.45,239.255.255.250,4.0,4.0,155.0,60202.0,1900.0,135.0,,,,,,
186,benign,1759919625.898915,169,Ethernet,192.168.137.45,239.255.255.250,4.0,4.0,155.0,60202.0,1900.0,135.0,,,,,,
187,benign,1759919625.926607,169,Ethernet,192.168.137.45,239.255.255.250,4.0,4.0,155.0,60202.0,1900.0,135.0,,,,,,
188,benign,1759919625.955916,169,Ethernet,192.168.137.45,239.255.255.250,4.0,4.0,155.0,60202.0,1900.0,135.0,,,,,,
189,benign,1759919625.983416,169,Ethernet,192.168.137.45,239.255.255.250,4.0,4.0,155.0,60202.0,1900.0,135.0,,,,,,
190,benign,1759919626.014174,169,Ethernet,192.168.137.45,239.255.255.250,4.0,4.0,155.0,60202.0,1900.0,135.0,,,,,,
191,benign,1759919626.025105,42,Ethernet,,,,,,,,,1.0,e4:5f:01:54:8e:16,00:00:00:00:00:00,192.168.137.1,192.168.137.45,
192,benign,1759919626.02513,42,Ethernet,,,,,,,,,2.0,28:d0:43:42:f2:70,e4:5f:01:54:8e:16,192.168.137.45,192.168.137.1,
193,benign,1759919626.051958,81,Ethernet,192.168.137.45,192.168.137.1,4.0,128.0,67.0,56722.0,53.0,47.0,,,,,,
194,benign,1759919626.052266,169,Ethernet,192.168.137.45,239.255.255.250,4.0,4.0,155.0,60202.0,1900.0,135.0,,,,,,
195,benign,1759919626.080381,167,Ethernet,192.168.137.45,239.255.255.250,4.0,4.0,153.0,60202.0,1900.0,133.0,,,,,,
196,benign,1759919626.107802,169,Ethernet,192.168.137.45,239.255.255.250,4.0,4.0,155.0,60202.0,1900.0,135.0,,,,,,
197,benign,1759919626.136965,169,Ethernet,192.168.137.45,239.255.255.250,4.0,4.0,155.0,60202.0,1900.0,135.0,,,,,,
198,benign,1759919626.14927,77,Ethernet,192.168.137.45,192.168.137.1,4.0,128.0,63.0,62284.0,53.0,43.0,,,,,,
199,benign,1759919626.164867,169,Ethernet,192.168.137.45,239.255.255.250,4.0,4.0,155.0,60202.0,1900.0,135.0,,,,,,
200,benign,1759919626.197465,42,Ethernet,,,,,,,,,1.0,28:d0:43:42:f2:70,00:00:00:00:00:00,192.168.137.45,192.168.137.45,
201,benign,1759919626.198019,169,Ethernet,192.168.137.45,239.255.255.250,4.0,4.0,155.0,60202.0,1900.0,135.0,,,,,,
202,benign,1759919626.234028,169,Ethernet,192.168.137.45,239.255.255.250,4.0,4.0,155.0,60202.0,1900.0,135.0,,,,,,
203,benign,1759919626.242875,81,Ethernet,192.168.137.45,192.168.137.1,4.0,128.0,67.0,50089.0,53.0,47.0,,,,,,
204,benign,1759919626.243135,81,Ethernet,192.168.137.45,192.168.137.1,4.0,128.0,67.0,53922.0,53.0,47.0,,,,,,
205,benign,1759919626.243423,86,Ethernet,192.168.137.45,192.168.137.1,4.0,128.0,72.0,49227.0,53.0,52.0,,,,,,
206,benign,1759919626.243626,86,Ethernet,192.168.137.45,192.168.137.1,4.0,128.0,72.0,52559.0,53.0,52.0,,,,,,
207,benign,1759919626.243847,76,Ethernet,192.168.137.45,192.168.137.1,4.0,128.0,62.0,59294.0,53.0,42.0,,,,,,
208,benign,1759919626.24534,126,Ethernet,192.168.137.45,192.168.137.1,4.0,128.0,112.0,59607.0,53.0,92.0,,,,,,
209,benign,1759919626.245667,126,Ethernet,192.168.137.45,192.168.137.1,4.0,128.0,112.0,51713.0,53.0,92.0,,,,,,
210,benign,1759919626.245982,76,Ethernet,192.168.137.45,192.168.137.1,4.0,128.0,62.0,50223.0,53.0,42.0,,,,,,
211,benign,1759919626.24614,76,Ethernet,192.168.137.45,192.168.137.1,4.0,128.0,62.0,49664.0,53.0,42.0,,,,,,
212,benign,1759919626.259954,179,Ethernet,192.168.137.45,239.255.255.250,4.0,4.0,165.0,60202.0,1900.0,145.0,,,,,,
213,benign,1759919626.309223,179,Ethernet,192.168.137.45,239.255.255.250,4.0,4.0,165.0,60202.0,1900.0,145.0,,,,,,
214,benign,1759919626.32281,110,Ethernet,192.168.137.45,192.168.137.255,4.0,128.0,96.0,137.0,137.0,76.0,,,,,,
215,benign,1759919626.322995,110,Ethernet,192.168.137.45,192.168.137.255,4.0,128.0,96.0,137.0,137.0,76.0,,,,,,
216,benign,1759919626.403403,92,Ethernet,192.168.137.45,192.168.137.1,4.0,128.0,78.0,59913.0,53.0,58.0,,,,,,
217,benign,1759919626.664667,666,Ethernet,192.168.137.45,239.255.255.250,4.0,1.0,652.0,49777.0,3702.0,632.0,,,,,,
218,benign,1759919626.7562,212,Ethernet,192.168.137.45,239.255.255.250,4.0,1.0,198.0,50842.0,1900.0,178.0,,,,,,
219,benign,1759919627.265191,81,Ethernet,192.168.137.45,192.168.137.1,4.0,128.0,67.0,56678.0,53.0,47.0,,,,,,
220,benign,1759919627.265232,126,Ethernet,192.168.137.45,192.168.137.1,4.0,128.0,112.0,59916.0,53.0,92.0,,,,,,
221,benign,1759919627.265399,81,Ethernet,192.168.137.45,192.168.137.1,4.0,128.0,67.0,53350.0,53.0,47.0,,,,,,
222,benign,1759919627.265533,86,Ethernet,192.168.137.45,192.168.137.1,4.0,128.0,72.0,63870.0,53.0,52.0,,,,,,
223,benign,1759919627.265565,126,Ethernet,192.168.137.45,192.168.137.1,4.0,128.0,112.0,49914.0,53.0,92.0,,,,,,
224,benign,1759919627.265682,86,Ethernet,192.168.137.45,192.168.137.1,4.0,128.0,72.0,59828.0,53.0,52.0,,,,,,
225,benign,1759919627.265787,76,Ethernet,192.168.137.45,192.168.137.1,4.0,128.0,62.0,57029.0,53.0,42.0,,,,,,
226,benign,1759919627.265846,76,Ethernet,192.168.137.45,192.168.137.1,4.0,128.0,62.0,58796.0,53.0,42.0,,,,,,
227,benign,1759919627.265846,78,Ethernet,192.168.137.45,192.168.137.1,4.0,128.0,64.0,57241.0,53.0,44.0,,,,,,
228,benign,1759919627.266016,76,Ethernet,192.168.137.45,192.168.137.1,4.0,128.0,62.0,65263.0,53.0,42.0,,,,,,
229,benign,1759919627.311852,179,Ethernet,192.168.137.45,239.255.255.250,4.0,4.0,165.0,60202.0,1900.0,145.0,,,,,,
230,benign,1759919627.406132,92,Ethernet,192.168.137.45,192.168.137.1,4.0,128.0,78.0,59913.0,53.0,58.0,,,,,,
231,benign,1759919627.761192,212,Ethernet,192.168.137.45,239.255.255.250,4.0,1.0,198.0,50842.0,1900.0,178.0,,,,,,
232,benign,1759919627.865831,78,Ethernet,192.168.137.45,192.168.137.1,4.0,128.0,64.0,62039.0,53.0,44.0,,,,,,
233,benign,1759919627.86601,78,Ethernet,192.168.137.45,192.168.137.1,4.0,128.0,64.0,49955.0,53.0,44.0,,,,,,
234,benign,1759919627.965166,75,Ethernet,192.168.137.45,224.0.0.251,4.0,1.0,61.0,5353.0,5353.0,41.0,,,,,,
235,benign,1759919627.965902,96,Ethernet,192.168.137.45,224.0.0.251,4.0,1.0,82.0,5353.0,5353.0,62.0,,,,,,
236,benign,1759919627.966548,77,Ethernet,192.168.137.45,224.0.0.251,4.0,1.0,63.0,5353.0,5353.0,43.0,,,,,,
237,benign,1759919627.967174,78,Ethernet,192.168.137.45,224.0.0.251,4.0,1.0,64.0,5353.0,5353.0,44.0,,,,,,
238,benign,1759919627.980323,75,Ethernet,192.168.137.45,224.0.0.251,4.0,1.0,61.0,5353.0,5353.0,41.0,,,,,,
239,benign,1759919627.981299,76,Ethernet,192.168.137.45,224.0.0.251,4.0,1.0,62.0,5353.0,5353.0,42.0,,,,,,
240,benign,1759919628.05313,81,Ethernet,192.168.137.45,192.168.137.1,4.0,128.0,67.0,56722.0,53.0,47.0,,,,,,
241,benign,1759919628.155731,77,Ethernet,192.168.137.45,192.168.137.1,4.0,128.0,63.0,62284.0,53.0,43.0,,,,,,
242,benign,1759919628.267172,78,Ethernet,192.168.137.45,192.168.137.1,4.0,128.0,64.0,57241.0,53.0,44.0,,,,,,
243,benign,1759919628.408952,92,Ethernet,192.168.137.45,192.168.137.1,4.0,128.0,78.0,59913.0,53.0,58.0,,,,,,
244,benign,1759919628.750449,82,Ethernet,192.168.137.45,224.0.0.251,4.0,1.0,68.0,5353.0,5353.0,48.0,,,,,,
245,benign,1759919628.751156,82,Ethernet,192.168.137.45,224.0.0.251,4.0,1.0,68.0,5353.0,5353.0,48.0,,,,,,
246,benign,1759919628.751624,82,Ethernet,192.168.137.45,224.0.0.251,4.0,1.0,68.0,5353.0,5353.0,48.0,,,,,,
247,benign,1759919628.751986,82,Ethernet,192.168.137.45,224.0.0.251,4.0,1.0,68.0,5353.0,5353.0,48.0,,,,,,
248,benign,1759919628.766699,212,Ethernet,192.168.137.45,239.255.255.250,4.0,1.0,198.0,50842.0,1900.0,178.0,,,,,,
249,benign,1759919628.880533,78,Ethernet,192.168.137.45,192.168.137.1,4.0,128.0,64.0,61133.0,53.0,44.0,,,,,,
250,benign,1759919628.880754,78,Ethernet,192.168.137.45,192.168.137.1,4.0,128.0,64.0,63970.0,53.0,44.0,,,,,,
251,benign,1759919629.044482,126,Ethernet,192.168.137.45,192.168.137.1,4.0,128.0,112.0,62826.0,53.0,92.0,,,,,,
252,benign,1759919629.044482,78,Ethernet,192.168.137.45,192.168.137.1,4.0,128.0,64.0,60186.0,53.0,44.0,,,,,,
253,benign,1759919629.044482,75,Ethernet,192.168.137.45,192.168.137.1,4.0,128.0,61.0,62542.0,53.0,41.0,,,,,,
254,benign,1759919629.084882,42,Ethernet,,,,,,,,,1.0,28:d0:43:42:f2:70,00:00:00:00:00:00,192.168.137.45,192.168.137.1,
255,benign,1759919629.087521,42,Ethernet,,,,,,,,,2.0,e4:5f:01:54:8e:16,28:d0:43:42:f2:70,192.168.137.1,192.168.137.45,
256,benign,1759919629.087546,88,Ethernet,192.168.137.45,192.168.137.1,4.0,128.0,74.0,51757.0,53.0,54.0,,,,,,
257,benign,1759919629.276206,78,Ethernet,192.168.137.45,192.168.137.1,4.0,128.0,64.0,57241.0,53.0,44.0,,,,,,
258,benign,1759919629.288053,86,Ethernet,192.168.137.45,192.168.137.1,4.0,128.0,72.0,58810.0,53.0,52.0,,,,,,
259,benign,1759919629.288055,126,Ethernet,192.168.137.45,192.168.137.1,4.0,128.0,112.0,61770.0,53.0,92.0,,,,,,
260,benign,1759919629.288136,76,Ethernet,192.168.137.45,192.168.137.1,4.0,128.0,62.0,58296.0,53.0,42.0,,,,,,
261,benign,1759919629.288212,76,Ethernet,192.168.137.45,192.168.137.1,4.0,128.0,62.0,52729.0,53.0,42.0,,,,,,
262,benign,1759919629.524121,83,Ethernet,192.168.137.45,192.168.137.1,4.0,128.0,69.0,61129.0,53.0,49.0,,,,,,
263,benign,1759919629.544658,72,Ethernet,192.168.137.45,192.168.137.1,4.0,128.0,58.0,49670.0,53.0,38.0,,,,,,
264,benign,1759919629.754271,82,Ethernet,192.168.137.45,224.0.0.251,4.0,1.0,68.0,5353.0,5353.0,48.0,,,,,,
265,benign,1759919629.75463,82,Ethernet,192.168.137.45,224.0.0.251,4.0,1.0,68.0,5353.0,5353.0,48.0,,,,,,
266,benign,1759919629.755114,82,Ethernet,192.168.137.45,224.0.0.251,4.0,1.0,68.0,5353.0,5353.0,48.0,,,,,,
267,benign,1759919629.755393,82,Ethernet,192.168.137.45,224.0.0.251,4.0,1.0,68.0,5353.0,5353.0,48.0,,,,,,
268,benign,1759919629.852928,66,Ethernet,192.168.137.45,1.1.1.1,4.0,128.0,52.0,56246.0,443.0,,,,,,,S
269,benign,1759919630.181383,91,Ethernet,192.168.137.45,192.168.137.1,4.0,128.0,77.0,53389.0,53.0,57.0,,,,,,
270,benign,1759919630.181631,91,Ethernet,192.168.137.45,192.168.137.1,4.0,128.0,77.0,53364.0,53.0,57.0,,,,,,
271,benign,1759919630.288339,86,Ethernet,192.168.137.45,192.168.137.1,4.0,128.0,72.0,58810.0,53.0,52.0,,,,,,
272,benign,1759919630.288339,126,Ethernet,192.168.137.45,192.168.137.1,4.0,128.0,112.0,61770.0,53.0,92.0,,,,,,
273,benign,1759919630.288339,76,Ethernet,192.168.137.45,192.168.137.1,4.0,128.0,62.0,52729.0,53.0,42.0,,,,,,
274,benign,1759919630.288433,76,Ethernet,192.168.137.45,192.168.137.1,4.0,128.0,62.0,58296.0,53.0,42.0,,,,,,
275,benign,1759919630.325229,179,Ethernet,192.168.137.45,239.255.255.250,4.0,4.0,165.0,60202.0,1900.0,145.0,,,,,,
276,benign,1759919630.413694,92,Ethernet,192.168.137.45,192.168.137.1,4.0,128.0,78.0,59913.0,53.0,58.0,,,,,,
277,benign,1759919630.906537,78,Ethernet,192.168.137.45,192.168.137.1,4.0,128.0,64.0,63435.0,53.0,44.0,,,,,,
278,benign,1759919631.197602,91,Ethernet,192.168.137.45,192.168.137.1,4.0,128.0,77.0,52808.0,53.0,57.0,,,,,,
279,benign,1759919631.197966,91,Ethernet,192.168.137.45,192.168.137.1,4.0,128.0,77.0,55794.0,53.0,57.0,,,,,,
280,benign,1759919631.29489,126,Ethernet,192.168.137.45,192.168.137.1,4.0,128.0,112.0,61770.0,53.0,92.0,,,,,,
281,benign,1759919631.294891,86,Ethernet,192.168.137.45,192.168.137.1,4.0,128.0,72.0,58810.0,53.0,52.0,,,,,,
282,benign,1759919631.29489,78,Ethernet,192.168.137.45,192.168.137.1,4.0,128.0,64.0,57241.0,53.0,44.0,,,,,,
283,benign,1759919631.29489,76,Ethernet,192.168.137.45,192.168.137.1,4.0,128.0,62.0,52729.0,53.0,42.0,,,,,,
284,benign,1759919631.294993,76,Ethernet,192.168.137.45,192.168.137.1,4.0,128.0,62.0,58296.0,53.0,42.0,,,,,,
285,benign,1759919631.61853,83,Ethernet,192.168.137.45,192.168.137.1,4.0,128.0,69.0,61649.0,53.0,49.0,,,,,,
286,benign,1759919631.61863,84,Ethernet,192.168.137.45,192.168.137.1,4.0,128.0,70.0,59000.0,53.0,50.0,,,,,,
287,benign,1759919631.761614,82,Ethernet,192.168.137.45,224.0.0.251,4.0,1.0,68.0,5353.0,5353.0,48.0,,,,,,
288,benign,1759919631.761614,82,Ethernet,192.168.137.45,224.0.0.251,4.0,1.0,68.0,5353.0,5353.0,48.0,,,,,,
289,benign,1759919631.762235,82,Ethernet,192.168.137.45,224.0.0.251,4.0,1.0,68.0,5353.0,5353.0,48.0,,,,,,
290,benign,1759919631.762251,82,Ethernet,192.168.137.45,224.0.0.251,4.0,1.0,68.0,5353.0,5353.0,48.0,,,,,,
291,benign,1759919631.898753,84,Ethernet,192.168.137.45,192.168.137.1,4.0,128.0,70.0,60540.0,53.0,50.0,,,,,,
292,benign,1759919631.912717,78,Ethernet,192.168.137.45,192.168.137.1,4.0,128.0,64.0,63435.0,53.0,44.0,,,,,,
293,benign,1759919632.058952,81,Ethernet,192.168.137.45,192.168.137.1,4.0,128.0,67.0,56722.0,53.0,47.0,,,,,,
294,benign,1759919632.160259,77,Ethernet,192.168.137.45,192.168.137.1,4.0,128.0,63.0,62284.0,53.0,43.0,,,,,,
295,benign,1759919632.628423,84,Ethernet,192.168.137.45,192.168.137.1,4.0,128.0,70.0,59000.0,53.0,50.0,,,,,,
296,benign,1759919632.628423,83,Ethernet,192.168.137.45,192.168.137.1,4.0,128.0,69.0,61649.0,53.0,49.0,,,,,,
297,benign,1759919632.824451,66,Ethernet,192.168.137.45,76.223.92.165,4.0,128.0,52.0,56248.0,443.0,,,,,,,S
298,benign,1759919632.906414,84,Ethernet,192.168.137.45,192.168.137.1,4.0,128.0,70.0,60540.0,53.0,50.0,,,,,,
299,benign,1759919632.922655,78,Ethernet,192.168.137.45,192.168.137.1,4.0,128.0,64.0,63435.0,53.0,44.0,,,,,,
300,benign,1759919633.051919,76,Ethernet,192.168.137.45,192.168.137.1,4.0,128.0,62.0,62841.0,53.0,42.0,,,,,,
301,benign,1759919633.223225,91,Ethernet,192.168.137.45,192.168.137.1,4.0,128.0,77.0,65009.0,53.0,57.0,,,,,,
302,benign,1759919633.301241,76,Ethernet,192.168.137.45,192.168.137.1,4.0,128.0,62.0,52729.0,53.0,42.0,,,,,,
303,benign,1759919633.301241,126,Ethernet,192.168.137.45,192.168.137.1,4.0,128.0,112.0,61770.0,53.0,92.0,,,,,,
304,benign,1759919633.301241,76,Ethernet,192.168.137.45,192.168.137.1,4.0,128.0,62.0,58296.0,53.0,42.0,,,,,,
305,benign,1759919633.301247,86,Ethernet,192.168.137.45,192.168.137.1,4.0,128.0,72.0,58810.0,53.0,52.0,,,,,,
306,benign,1759919633.329133,179,Ethernet,192.168.137.45,239.255.255.250,4.0,4.0,165.0,60202.0,1900.0,145.0,,,,,,
307,benign,1759919633.53135,76,Ethernet,192.168.137.45,192.168.137.1,4.0,128.0,62.0,61625.0,53.0,42.0,,,,,,
308,benign,1759919633.573185,77,Ethernet,192.168.137.45,192.168.137.1,4.0,128.0,63.0,58316.0,53.0,43.0,,,,,,
309,benign,1759919633.634737,83,Ethernet,192.168.137.45,192.168.137.1,4.0,128.0,69.0,61649.0,53.0,49.0,,,,,,
310,benign,1759919633.634737,84,Ethernet,192.168.137.45,192.168.137.1,4.0,128.0,70.0,59000.0,53.0,50.0,,,,,,
311,benign,1759919633.830642,66,Ethernet,192.168.137.45,76.223.92.165,4.0,128.0,52.0,56248.0,443.0,,,,,,,S
312,benign,1759919633.831262,66,Ethernet,192.168.137.45,13.248.212.111,4.0,128.0,52.0,56250.0,443.0,,,,,,,S
313,benign,1759919633.908707,84,Ethernet,192.168.137.45,192.168.137.1,4.0,128.0,70.0,60540.0,53.0,50.0,,,,,,
314,benign,1759919634.061097,76,Ethernet,192.168.137.45,192.168.137.1,4.0,128.0,62.0,62841.0,53.0,42.0,,,,,,
315,benign,1759919634.18582,75,Ethernet,192.168.137.45,192.168.137.1,4.0,128.0,61.0,49207.0,53.0,41.0,,,,,,
316,benign,1759919634.18615,75,Ethernet,192.168.137.45,192.168.137.1,4.0,128.0,61.0,65030.0,53.0,41.0,,,,,,
317,benign,1759919634.187689,75,Ethernet,192.168.137.45,192.168.137.1,4.0,128.0,61.0,54595.0,53.0,41.0,,,,,,
318,benign,1759919634.187872,75,Ethernet,192.168.137.45,192.168.137.1,4.0,128.0,61.0,50370.0,53.0,41.0,,,,,,
319,benign,1759919634.224064,91,Ethernet,192.168.137.45,192.168.137.1,4.0,128.0,77.0,65009.0,53.0,57.0,,,,,,
320,benign,1759919634.24686,698,Ethernet,192.168.137.45,239.255.255.250,4.0,1.0,684.0,49777.0,3702.0,664.0,,,,,,
321,benign,1759919634.428764,92,Ethernet,192.168.137.45,192.168.137.1,4.0,128.0,78.0,59913.0,53.0,58.0,,,,,,
322,benign,1759919634.437136,698,Ethernet,192.168.137.45,239.255.255.250,4.0,1.0,684.0,49777.0,3702.0,664.0,,,,,,
323,benign,1759919634.537435,76,Ethernet,192.168.137.45,192.168.137.1,4.0,128.0,62.0,61625.0,53.0,42.0,,,,,,
324,benign,1759919634.588451,77,Ethernet,192.168.137.45,192.168.137.1,4.0,128.0,63.0,53542.0,53.0,43.0,,,,,,
325,benign,1759919634.822038,698,Ethernet,192.168.137.45,239.255.255.250,4.0,1.0,684.0,49777.0,3702.0,664.0,,,,,,
326,benign,1759919634.835775,66,Ethernet,192.168.137.45,13.248.212.111,4.0,128.0,52.0,56250.0,443.0,,,,,,,S
327,benign,1759919634.926287,78,Ethernet,192.168.137.45,192.168.137.1,4.0,128.0,64.0,63435.0,53.0,44.0,,,,,,
328,benign,1759919635.065153,76,Ethernet,192.168.137.45,192.168.137.1,4.0,128.0,62.0,62841.0,53.0,42.0,,,,,,
329,benign,1759919635.204776,75,Ethernet,192.168.137.45,192.168.137.1,4.0,128.0,61.0,51582.0,53.0,41.0,,,,,,
330,benign,1759919635.205208,75,Ethernet,192.168.137.45,192.168.137.1,4.0,128.0,61.0,63599.0,53.0,41.0,,,,,,
331,benign,1759919635.205389,75,Ethernet,192.168.137.45,192.168.137.1,4.0,128.0,61.0,65013.0,53.0,41.0,,,,,,
332,benign,1759919635.205563,75,Ethernet,192.168.137.45,192.168.137.1,4.0,128.0,61.0,56577.0,53.0,41.0,,,,,,
333,benign,1759919635.225248,91,Ethernet,192.168.137.45,192.168.137.1,4.0,128.0,77.0,65009.0,53.0,57.0,,,,,,
334,benign,1759919635.295362,78,Ethernet,192.168.137.45,192.168.137.1,4.0,128.0,64.0,57241.0,53.0,44.0,,,,,,
335,benign,1759919635.540746,76,Ethernet,192.168.137.45,192.168.137.1,4.0,128.0,62.0,61625.0,53.0,42.0,,,,,,
336,benign,1759919635.586835,698,Ethernet,192.168.137.45,239.255.255.250,4.0,1.0,684.0,49777.0,3702.0,664.0,,,,,,
337,benign,1759919635.647669,84,Ethernet,192.168.137.45,192.168.137.1,4.0,128.0,70.0,59000.0,53.0,50.0,,,,,,
338,benign,1759919635.647669,83,Ethernet,192.168.137.45,192.168.137.1,4.0,128.0,69.0,61649.0,53.0,49.0,,,,,,
339,benign,1759919635.843935,66,Ethernet,192.168.137.45,76.223.92.165,4.0,128.0,52.0,56248.0,443.0,,,,,,,S
340,benign,1759919635.920469,84,Ethernet,192.168.137.45,192.168.137.1,4.0,128.0,70.0,60540.0,53.0,50.0,,,,,,
341,benign,1759919635.975479,78,Ethernet,192.168.137.45,224.0.0.251,4.0,1.0,64.0,5353.0,5353.0,44.0,,,,,,
342,benign,1759919635.976468,77,Ethernet,192.168.137.45,224.0.0.251,4.0,1.0,63.0,5353.0,5353.0,43.0,,,,,,
343,benign,1759919635.977088,96,Ethernet,192.168.137.45,224.0.0.251,4.0,1.0,82.0,5353.0,5353.0,62.0,,,,,,
344,benign,1759919635.977725,75,Ethernet,192.168.137.45,224.0.0.251,4.0,1.0,61.0,5353.0,5353.0,41.0,,,,,,
345,benign,1759919635.98306,76,Ethernet,192.168.137.45,224.0.0.251,4.0,1.0,62.0,5353.0,5353.0,42.0,,,,,,
346,benign,1759919635.984534,75,Ethernet,192.168.137.45,224.0.0.251,4.0,1.0,61.0,5353.0,5353.0,41.0,,,,,,
347,benign,1759919636.063174,81,Ethernet,192.168.137.45,192.168.137.1,4.0,128.0,67.0,52100.0,53.0,47.0,,,,,,
348,benign,1759919636.063477,81,Ethernet,192.168.137.45,192.168.137.1,4.0,128.0,67.0,55328.0,53.0,47.0,,,,,,
349,benign,1759919636.465801,88,Ethernet,192.168.137.45,192.168.137.1,4.0,128.0,74.0,60494.0,53.0,54.0,,,,,,
350,benign,1759919636.614796,77,Ethernet,192.168.137.45,192.168.137.1,4.0,128.0,63.0,49664.0,53.0,43.0,,,,,,
351,benign,1759919636.836498,66,Ethernet,192.168.137.45,13.248.212.111,4.0,128.0,52.0,56250.0,443.0,,,,,,,S
352,benign,1759919637.066014,76,Ethernet,192.168.137.45,192.168.137.1,4.0,128.0,62.0,62841.0,53.0,42.0,,,,,,
353,benign,1759919637.089647,81,Ethernet,192.168.137.45,192.168.137.1,4.0,128.0,67.0,56292.0,53.0,47.0,,,,,,
354,benign,1759919637.089954,81,Ethernet,192.168.137.45,192.168.137.1,4.0,128.0,67.0,63564.0,53.0,47.0,,,,,,
355,benign,1759919637.100173,698,Ethernet,192.168.137.45,239.255.255.250,4.0,1.0,684.0,49777.0,3702.0,664.0,,,,,,
356,benign,1759919637.172434,77,Ethernet,192.168.137.45,192.168.137.1,4.0,128.0,63.0,59320.0,53.0,43.0,,,,,,
357,benign,1759919637.226181,91,Ethernet,192.168.137.45,192.168.137.1,4.0,128.0,77.0,65009.0,53.0,57.0,,,,,,
358,benign,1759919637.227014,75,Ethernet,192.168.137.45,192.168.137.1,4.0,128.0,61.0,56438.0,53.0,41.0,,,,,,
359,benign,1759919637.227394,75,Ethernet,192.168.137.45,192.168.137.1,4.0,128.0,61.0,64131.0,53.0,41.0,,,,,,
360,benign,1759919637.302717,76,Ethernet,192.168.137.45,192.168.137.1,4.0,128.0,62.0,52729.0,53.0,42.0,,,,,,
